{
  "type": "FeatureCollection",
  "generator": "overpass-turbo",
  "copyright": "The data included in this document is from www.openstreetmap.org. The data is made available under ODbL.",
  "timestamp": "2026-08-10T22:25:07Z",
  "features": [
    {
      "type": "Feature",
      "properties": {
        "@id": "way/4366338",
        "cycleway:right": "no",
        "foot": "no",
        "highway": "primary",
        "lanes": "1",
        "maxspeed": "90",
        "old_ref": "N 13",
        "oneway": "yes",
        "ref": "D 613",
        "sidewalk": "no",
        "surface": "asphalt"
      },
      "geometry": {
        "type": "LineString",
        "coordinates": [
          [
            0.8571935,
            49.1207569
          ],
          [
            0.8580923,
            49.1205083
          ],
          [
            0.8589828,
            49.1202873
          ],
          [
            0.8601415,
            49.1200414
          ],
          [
            0.8605063,
            49.1199538
          ],
          [
            0.8606203,
            49.1198732
          ]
        ]
      },
      "id": "way/4366338"
    },
    {
      "type": "Feature",
      "properties": {
        "@id": "way/4366339",
        "cycleway:right": "no",
        "highway": "primary",
        "junction": "roundabout",
        "lane_markings": "no",
        "maxspeed": "90",
        "old_ref": "N 13",
        "sidewalk": "no",
        "surface": "asphalt"
      },
      "geometry": {
        "type": "LineString",
        "coordinates": [
          [
            0.8606637,
            49.1200153
          ],
          [
            0.8606272,
            49.1199462
          ],
          [
            0.8606203,
            49.1198732
          ],
          [
            0.8606433,
            49.119802
          ],
          [
            0.8606946,
            49.1197373
          ],
          [
            0.8607634,
            49.1196877
          ],
          [
            0.8608487,
            49.1196508
          ],
          [
            0.8609452,
            49.1196286
          ],
          [
            0.8610764,
            49.119624
          ],
          [
            0.8612031,
            49.1196465
          ],
          [
            0.8613126,
            49.1196939
          ],
          [
            0.8613985,
            49.1197668
          ],
          [
            0.861442,
            49.1198544
          ],
          [
            0.8614435,
            49.1199244
          ],
          [
            0.8614175,
            49.1199924
          ],
          [
            0.8613657,
            49.1200537
          ],
          [
            0.8612997,
            49.1200999
          ],
          [
            0.8612191,
            49.1201348
          ],
          [
            0.8611284,
            49.1201565
          ],
          [
            0.8610192,
            49.1201637
          ],
          [
            0.8609109,
            49.1201518
          ],
          [
            0.8608112,
            49.1201217
          ],
          [
            0.8607272,
            49.1200755
          ],
          [
            0.8606637,
            49.1200153
          ]
        ]
      },
      "id": "way/4366339"
    },
    {
      "type": "Feature",
      "properties": {
        "@id": "way/7866700",
        "highway": "tertiary",
        "maxspeed": "50",
        "name": "Rue Grande",
        "ref": "D 30"
      },
      "geometry": {
        "type": "LineString",
        "coordinates": [
          [
            0.833777,
            49.1473847
          ],
          [
            0.8337691,
            49.1473441
          ],
          [
            0.8337062,
            49.1471903
          ],
          [
            0.8336503,
            49.1470827
          ],
          [
            0.833653,
            49.1470148
          ],
          [
            0.8336719,
            49.1469503
          ],
          [
            0.833789,
            49.1467873
          ],
          [
            0.834028,
            49.1464955
          ],
          [
            0.8344894,
            49.1460042
          ],
          [
            0.8345681,
            49.1459717
          ],
          [
            0.8346932,
            49.14592
          ],
          [
            0.8350778,
            49.145742
          ],
          [
            0.8353906,
            49.1455972
          ],
          [
            0.83597,
            49.1451621
          ],
          [
            0.8362538,
            49.144923
          ],
          [
            0.8365032,
            49.1446712
          ],
          [
            0.8367853,
            49.1440883
          ],
          [
            0.8369248,
            49.1438847
          ],
          [
            0.8371609,
            49.1437444
          ],
          [
            0.8376544,
            49.1436391
          ],
          [
            0.8378726,
            49.1435867
          ],
          [
            0.8381461,
            49.1434492
          ],
          [
            0.8383124,
            49.1433184
          ],
          [
            0.8383968,
            49.143193
          ],
          [
            0.8385437,
            49.1428466
          ],
          [
            0.8388453,
            49.1423687
          ],
          [
            0.8391028,
            49.1421441
          ],
          [
            0.8397143,
            49.1417479
          ],
          [
            0.8401649,
            49.1412987
          ],
          [
            0.8406263,
            49.1407302
          ],
          [
            0.840721,
            49.1406206
          ],
          [
            0.8408838,
            49.1405126
          ],
          [
            0.8415811,
            49.1401898
          ],
          [
            0.8418815,
            49.1400175
          ]
        ]
      },
      "id": "way/7866700"
    },
    {
      "type": "Feature",
      "properties": {
        "@id": "way/24341118",
        "cycleway:right": "no",
        "foot": "no",
        "highway": "primary",
        "lane_markings": "no",
        "maxspeed": "90",
        "name": "Route de Beaumont",
        "oneway": "yes",
        "ref": "D 133",
        "sidewalk": "no",
        "surface": "asphalt"
      },
      "geometry": {
        "type": "LineString",
        "coordinates": [
          [
            0.8648759,
            49.1225291
          ],
          [
            0.8641712,
            49.1220555
          ],
          [
            0.8633705,
            49.1215014
          ],
          [
            0.8625689,
            49.1209468
          ],
          [
            0.862318,
            49.1208168
          ],
          [
            0.8620424,
            49.1207333
          ],
          [
            0.8618039,
            49.1206336
          ],
          [
            0.8616107,
            49.1205121
          ],
          [
            0.861433,
            49.1203531
          ],
          [
            0.8612562,
            49.1202167
          ],
          [
            0.8611284,
            49.1201565
          ]
        ]
      },
      "id": "way/24341118"
    },
    {
      "type": "Feature",
      "properties": {
        "@id": "way/37354728",
        "cycleway:right": "no",
        "foot": "no",
        "highway": "primary",
        "lane_markings": "no",
        "maxspeed": "90",
        "name": "Route de Beaumont",
        "oneway": "yes",
        "ref": "D 133",
        "sidewalk": "no",
        "surface": "asphalt"
      },
      "geometry": {
        "type": "LineString",
        "coordinates": [
          [
            0.8613657,
            49.1200537
          ],
          [
            0.8614214,
            49.120223
          ],
          [
            0.8616065,
            49.1203937
          ],
          [
            0.8617567,
            49.1205211
          ],
          [
            0.8619995,
            49.120631
          ],
          [
            0.8622953,
            49.1207286
          ],
          [
            0.8626212,
            49.1209061
          ],
          [
            0.8630262,
            49.1211562
          ],
          [
            0.8634195,
            49.1214261
          ],
          [
            0.8640865,
            49.1218838
          ],
          [
            0.8648759,
            49.1225291
          ]
        ]
      },
      "id": "way/37354728"
    },
    {
      "type": "Feature",
      "properties": {
        "@id": "way/37354729",
        "cycleway:both": "no",
        "highway": "primary",
        "lanes": "2",
        "maxspeed": "90",
        "name": "Route de Beaumont",
        "ref": "D 133",
        "shoulder": "no",
        "sidewalk": "no",
        "surface": "asphalt"
      },
      "geometry": {
        "type": "LineString",
        "coordinates": [
          [
            0.8834877,
            49.135549
          ],
          [
            0.8866301,
            49.1377482
          ],
          [
            0.8888039,
            49.1392694
          ],
          [
            0.8897037,
            49.1398968
          ]
        ]
      },
      "id": "way/37354729"
    },
    {
      "type": "Feature",
      "properties": {
        "@id": "way/37354730",
        "cycleway:right": "no",
        "foot": "no",
        "highway": "secondary",
        "lane_markings": "no",
        "maxspeed": "90",
        "oneway": "yes",
        "ref": "D 133",
        "sidewalk": "no",
        "surface": "asphalt"
      },
      "geometry": {
        "type": "LineString",
        "coordinates": [
          [
            0.8606946,
            49.1197373
          ],
          [
            0.8606511,
            49.1195732
          ],
          [
            0.8604848,
            49.1193882
          ],
          [
            0.8602246,
            49.1192405
          ],
          [
            0.8598922,
            49.1191422
          ],
          [
            0.8595428,
            49.1190588
          ],
          [
            0.8593087,
            49.1190034
          ],
          [
            0.8588935,
            49.1188468
          ]
        ]
      },
      "id": "way/37354730"
    },
    {
      "type": "Feature",
      "properties": {
        "@id": "way/37354731",
        "cycleway:right": "no",
        "foot": "no",
        "highway": "secondary",
        "lane_markings": "no",
        "maxspeed": "90",
        "oneway": "yes",
        "ref": "D 133",
        "sidewalk": "no",
        "surface": "asphalt"
      },
      "geometry": {
        "type": "LineString",
        "coordinates": [
          [
            0.8588935,
            49.1188468
          ],
          [
            0.8594039,
            49.1189691
          ],
          [
            0.8598928,
            49.1190592
          ],
          [
            0.8602418,
            49.1191684
          ],
          [
            0.8605524,
            49.1193285
          ],
          [
            0.8608147,
            49.1195697
          ],
          [
            0.8609452,
            49.1196286
          ]
        ]
      },
      "id": "way/37354731"
    },
    {
      "type": "Feature",
      "properties": {
        "@id": "way/37354732",
        "cycleway:both": "no",
        "highway": "secondary",
        "lanes": "2",
        "maxspeed": "90",
        "ref": "D 133",
        "shoulder": "no",
        "sidewalk": "no",
        "surface": "asphalt"
      },
      "geometry": {
        "type": "LineString",
        "coordinates": [
          [
            0.8423806,
            49.1111169
          ],
          [
            0.8418183,
            49.1108536
          ],
          [
            0.8372475,
            49.1087136
          ],
          [
            0.8344101,
            49.1073852
          ],
          [
            0.8299201,
            49.1052829
          ],
          [
            0.8297752,
            49.105215
          ],
          [
            0.8145047,
            49.0980645
          ],
          [
            0.813369,
            49.0975327
          ],
          [
            0.8043577,
            49.0933126
          ],
          [
            0.7991558,
            49.0908846
          ],
          [
            0.7951004,
            49.0889687
          ]
        ]
      },
      "id": "way/37354732"
    },
    {
      "type": "Feature",
      "properties": {
        "@id": "way/148729632",
        "highway": "residential",
        "maxspeed": "50",
        "name": "Rue de l'Église"
      },
      "geometry": {
        "type": "LineString",
        "coordinates": [
          [
            0.8882151,
            49.100587
          ],
          [
            0.8878054,
            49.1008806
          ],
          [
            0.8870962,
            49.1012876
          ],
          [
            0.8870612,
            49.1012968
          ],
          [
            0.8869833,
            49.1013173
          ],
          [
            0.8868938,
            49.1013408
          ],
          [
            0.8866337,
            49.1014356
          ],
          [
            0.8864942,
            49.1015814
          ]
        ]
      },
      "id": "way/148729632"
    },
    {
      "type": "Feature",
      "properties": {
        "@id": "way/173880995",
        "cycleway:both": "no",
        "highway": "unclassified",
        "lanes": "2",
        "maxspeed": "50",
        "name": "Chemin des Romains",
        "sidewalk": "no",
        "source": "Bing 2011",
        "surface": "asphalt"
      },
      "geometry": {
        "type": "LineString",
        "coordinates": [
          [
            0.8128636,
            49.0808663
          ],
          [
            0.8128553,
            49.0809283
          ],
          [
            0.8128302,
            49.0810452
          ],
          [
            0.8127633,
            49.0811528
          ],
          [
            0.8124949,
            49.0814937
          ],
          [
            0.8117244,
            49.0822401
          ],
          [
            0.8108791,
            49.0829272
          ],
          [
            0.8105735,
            49.0832741
          ],
          [
            0.8104615,
            49.0835609
          ],
          [
            0.8102578,
            49.0845748
          ],
          [
            0.810105,
            49.0848683
          ],
          [
            0.809331,
            49.0859356
          ],
          [
            0.809056,
            49.0864359
          ],
          [
            0.8088014,
            49.0872229
          ],
          [
            0.8083736,
            49.0877565
          ],
          [
            0.8079697,
            49.0882587
          ],
          [
            0.8078746,
            49.0883769
          ],
          [
            0.8067135,
            49.0904845
          ],
          [
            0.8063172,
            49.0909798
          ],
          [
            0.8055117,
            49.0917451
          ],
          [
            0.804374,
            49.0932905
          ],
          [
            0.8043577,
            49.0933126
          ],
          [
            0.8043352,
            49.093346
          ],
          [
            0.8036173,
            49.0944128
          ],
          [
            0.8021304,
            49.0966202
          ],
          [
            0.7992096,
            49.1009736
          ],
          [
            0.7981343,
            49.1026117
          ],
          [
            0.796246,
            49.1053192
          ],
          [
            0.7940246,
            49.1083548
          ],
          [
            0.7928605,
            49.1098971
          ],
          [
            0.7913052,
            49.1119824
          ],
          [
            0.7912603,
            49.1120402
          ],
          [
            0.791186,
            49.112136
          ],
          [
            0.7911249,
            49.1122147
          ],
          [
            0.7904434,
            49.1130614
          ],
          [
            0.7896401,
            49.1140336
          ],
          [
            0.789505,
            49.1141888
          ],
          [
            0.7892651,
            49.1144645
          ],
          [
            0.7892197,
            49.1145167
          ],
          [
            0.7889234,
            49.1148032
          ],
          [
            0.7884224,
            49.1152877
          ],
          [
            0.7883977,
            49.1153115
          ],
          [
            0.7883723,
            49.1153349
          ],
          [
            0.7882851,
            49.1154153
          ],
          [
            0.7866716,
            49.1169033
          ]
        ]
      },
      "id": "way/173880995"
    },
    {
      "type": "Feature",
      "properties": {
        "@id": "way/196302364",
        "highway": "unclassified",
        "maxspeed": "80",
        "sidewalk": "no",
        "source": "Bing 2011",
        "surface": "asphalt"
      },
      "geometry": {
        "type": "LineString",
        "coordinates": [
          [
            0.7987922,
            49.1135484
          ],
          [
            0.7995756,
            49.1127956
          ],
          [
            0.8001007,
            49.11234
          ],
          [
            0.8001381,
            49.1123108
          ],
          [
            0.800557,
            49.1119841
          ],
          [
            0.800882,
            49.1117509
          ],
          [
            0.8020592,
            49.1110294
          ],
          [
            0.8022342,
            49.1109325
          ],
          [
            0.8024197,
            49.1108493
          ],
          [
            0.8025801,
            49.110788
          ],
          [
            0.8029051,
            49.1106748
          ],
          [
            0.8031614,
            49.1105984
          ],
          [
            0.8034064,
            49.1105116
          ],
          [
            0.8037317,
            49.110397
          ],
          [
            0.8039954,
            49.1102996
          ],
          [
            0.8042945,
            49.1101762
          ],
          [
            0.804598,
            49.1100402
          ],
          [
            0.8048956,
            49.1098916
          ],
          [
            0.8050886,
            49.1097701
          ],
          [
            0.8054142,
            49.1095338
          ],
          [
            0.8056426,
            49.1093371
          ],
          [
            0.8058223,
            49.1091384
          ],
          [
            0.8059564,
            49.1089783
          ],
          [
            0.8061818,
            49.1086745
          ],
          [
            0.8068168,
            49.1077322
          ],
          [
            0.8071807,
            49.1072153
          ],
          [
            0.8075534,
            49.1066742
          ],
          [
            0.8076197,
            49.1065633
          ],
          [
            0.8077833,
            49.1062758
          ],
          [
            0.8080411,
            49.1058254
          ],
          [
            0.8081067,
            49.1057065
          ],
          [
            0.8088013,
            49.1044475
          ],
          [
            0.8090841,
            49.1039845
          ],
          [
            0.80995,
            49.1026449
          ],
          [
            0.8111733,
            49.1007069
          ],
          [
            0.8119394,
            49.0995049
          ],
          [
            0.8124109,
            49.0988258
          ],
          [
            0.8132978,
            49.09762
          ],
          [
            0.8133445,
            49.0975627
          ],
          [
            0.813369,
            49.0975327
          ]
        ]
      },
      "id": "way/196302364"
    },
    {
      "type": "Feature",
      "properties": {
        "@id": "way/201255404",
        "highway": "unclassified",
        "maxspeed": "80"
      },
      "geometry": {
        "type": "LineString",
        "coordinates": [
          [
            0.8623141,
            49.088156
          ],
          [
            0.8628183,
            49.088205
          ],
          [
            0.868864,
            49.088672
          ],
          [
            0.8694434,
            49.088651
          ],
          [
            0.8698735,
            49.0886096
          ],
          [
            0.8716321,
            49.0884402
          ],
          [
            0.8722973,
            49.0884121
          ],
          [
            0.8738556,
            49.088458
          ],
          [
            0.8748722,
            49.0884402
          ],
          [
            0.8752691,
            49.088398
          ],
          [
            0.8757627,
            49.0882294
          ],
          [
            0.8760416,
            49.0881099
          ],
          [
            0.8763206,
            49.0880678
          ],
          [
            0.87863,
            49.0884859
          ],
          [
            0.8804619,
            49.0887423
          ],
          [
            0.8810091,
            49.0887001
          ],
          [
            0.8813309,
            49.0887493
          ],
          [
            0.8822322,
            49.0890272
          ],
          [
            0.8842492,
            49.0898384
          ],
          [
            0.8845603,
            49.0898703
          ],
          [
            0.8848822,
            49.0898103
          ],
          [
            0.8851933,
            49.08974
          ],
          [
            0.8854937,
            49.0897681
          ],
          [
            0.8864258,
            49.0900307
          ],
          [
            0.8867852,
            49.0900413
          ],
          [
            0.8870991,
            49.0900148
          ],
          [
            0.8873793,
            49.0900764
          ],
          [
            0.8882444,
            49.0904701
          ],
          [
            0.8890192,
            49.0909164
          ]
        ]
      },
      "id": "way/201255404"
    },
    {
      "type": "Feature",
      "properties": {
        "@id": "way/201255405",
        "highway": "unclassified",
        "name": "Rue Moraine"
      },
      "geometry": {
        "type": "LineString",
        "coordinates": [
          [
            0.8346712,
            49.0922202
          ],
          [
            0.8348107,
            49.0920446
          ],
          [
            0.8350575,
            49.0918785
          ],
          [
            0.8352854,
            49.0918083
          ],
          [
            0.8359185,
            49.0918584
          ],
          [
            0.8360942,
            49.0918039
          ],
          [
            0.8363436,
            49.0916511
          ],
          [
            0.8369431,
            49.0915044
          ],
          [
            0.8370778,
            49.091464
          ],
          [
            0.8373441,
            49.0913976
          ],
          [
            0.8377169,
            49.0913578
          ],
          [
            0.838937,
            49.0912939
          ],
          [
            0.8390843,
            49.0913078
          ],
          [
            0.8394415,
            49.0913415
          ],
          [
            0.8396997,
            49.0913226
          ],
          [
            0.8400786,
            49.0911935
          ],
          [
            0.8406687,
            49.0909134
          ]
        ]
      },
      "id": "way/201255405"
    },
    {
      "type": "Feature",
      "properties": {
        "@id": "way/201255406",
        "highway": "residential",
        "maxspeed": "50",
        "name": "Rue des Quatre Vents"
      },
      "geometry": {
        "type": "LineString",
        "coordinates": [
          [
            0.8575451,
            49.0895222
          ],
          [
            0.8578743,
            49.0889052
          ],
          [
            0.8580052,
            49.0887234
          ],
          [
            0.8581459,
            49.0886018
          ],
          [
            0.8585468,
            49.0883839
          ],
          [
            0.8586502,
            49.0883278
          ],
          [
            0.8591544,
            49.0880748
          ],
          [
            0.8594227,
            49.0878851
          ],
          [
            0.8595219,
            49.0877323
          ],
          [
            0.8596587,
            49.0875478
          ],
          [
            0.859766,
            49.0872387
          ],
          [
            0.8598196,
            49.0869646
          ],
          [
            0.8597445,
            49.0865571
          ],
          [
            0.8598304,
            49.0863853
          ],
          [
            0.8604879,
            49.0858424
          ],
          [
            0.8608818,
            49.0855172
          ],
          [
            0.8616513,
            49.0848695
          ],
          [
            0.8617185,
            49.0848129
          ],
          [
            0.862015,
            49.0845634
          ],
          [
            0.8627811,
            49.0839399
          ],
          [
            0.8632529,
            49.0835216
          ],
          [
            0.8656971,
            49.0815205
          ]
        ]
      },
      "id": "way/201255406"
    },
    {
      "type": "Feature",
      "properties": {
        "@id": "way/201255407",
        "highway": "unclassified",
        "maxspeed": "50",
        "name": "Rue de Combon"
      },
      "geometry": {
        "type": "LineString",
        "coordinates": [
          [
            0.8442457,
            49.1055115
          ],
          [
            0.8442843,
            49.1055219
          ],
          [
            0.8454752,
            49.1058801
          ],
          [
            0.8462496,
            49.1060433
          ],
          [
            0.8471663,
            49.1062445
          ],
          [
            0.847676,
            49.1062971
          ],
          [
            0.8482794,
            49.1062863
          ]
        ]
      },
      "id": "way/201255407"
    },
    {
      "type": "Feature",
      "properties": {
        "@id": "way/201255409",
        "highway": "unclassified",
        "maxspeed": "80"
      },
      "geometry": {
        "type": "LineString",
        "coordinates": [
          [
            0.8619868,
            49.0897611
          ],
          [
            0.8627379,
            49.0898314
          ],
          [
            0.8633923,
            49.0900211
          ],
          [
            0.866332,
            49.0914824
          ],
          [
            0.8675122,
            49.0919669
          ],
          [
            0.8687353,
            49.0922339
          ],
          [
            0.8706021,
            49.0926273
          ],
          [
            0.8724582,
            49.0931373
          ],
          [
            0.8731867,
            49.0933811
          ],
          [
            0.8734238,
            49.0934605
          ],
          [
            0.8748615,
            49.0939945
          ],
          [
            0.8764922,
            49.0942193
          ],
          [
            0.8773184,
            49.0943275
          ],
          [
            0.8780265,
            49.0945523
          ],
          [
            0.8795082,
            49.0948757
          ],
          [
            0.8795714,
            49.0948895
          ],
          [
            0.8805477,
            49.095259
          ],
          [
            0.8815992,
            49.095814
          ],
          [
            0.8828356,
            49.0966201
          ],
          [
            0.8829349,
            49.0967173
          ],
          [
            0.8831696,
            49.0967524
          ],
          [
            0.8840239,
            49.0968218
          ],
          [
            0.8846998,
            49.0968288
          ]
        ]
      },
      "id": "way/201255409"
    },
    {
      "type": "Feature",
      "properties": {
        "@id": "way/201255410",
        "highway": "unclassified",
        "lanes": "1",
        "maxspeed": "30",
        "name": "Rue de la Lisse",
        "oneway": "no",
        "surface": "asphalt"
      },
      "geometry": {
        "type": "LineString",
        "coordinates": [
          [
            0.8383525,
            49.1041375
          ],
          [
            0.838413,
            49.1041568
          ],
          [
            0.8386194,
            49.1042225
          ],
          [
            0.8396387,
            49.1046369
          ],
          [
            0.8406916,
            49.1050055
          ],
          [
            0.8424354,
            49.105616
          ],
          [
            0.8426751,
            49.1056763
          ],
          [
            0.8428573,
            49.1057221
          ],
          [
            0.8436727,
            49.1059082
          ],
          [
            0.8440375,
            49.1060276
          ]
        ]
      },
      "id": "way/201255410"
    },
    {
      "type": "Feature",
      "properties": {
        "@id": "way/201255412",
        "cycleway:both": "no",
        "highway": "tertiary",
        "lane_markings": "no",
        "maxspeed": "80",
        "sidewalk": "no",
        "surface": "asphalt"
      },
      "geometry": {
        "type": "LineString",
        "coordinates": [
          [
            0.8372475,
            49.1087136
          ],
          [
            0.8372536,
            49.1086935
          ],
          [
            0.837568,
            49.1076603
          ],
          [
            0.837568,
            49.1070211
          ]
        ]
      },
      "id": "way/201255412"
    },
    {
      "type": "Feature",
      "properties": {
        "@id": "way/201255413",
        "highway": "residential",
        "maxspeed": "30",
        "name": "Rue de l'Église"
      },
      "geometry": {
        "type": "LineString",
        "coordinates": [
          [
            0.843265,
            49.1098414
          ],
          [
            0.8431634,
            49.1089037
          ],
          [
            0.8431577,
            49.1088511
          ],
          [
            0.8431256,
            49.1086193
          ],
          [
            0.8426701,
            49.1084483
          ],
          [
            0.8422824,
            49.1083383
          ],
          [
            0.8422248,
            49.1082913
          ],
          [
            0.8421634,
            49.1082124
          ],
          [
            0.8421492,
            49.1081209
          ],
          [
            0.8421879,
            49.1080256
          ],
          [
            0.8422259,
            49.1079115
          ]
        ]
      },
      "id": "way/201255413"
    },
    {
      "type": "Feature",
      "properties": {
        "@id": "way/201255416",
        "highway": "unclassified",
        "name": "Rue de la Vallée"
      },
      "geometry": {
        "type": "LineString",
        "coordinates": [
          [
            0.8370778,
            49.091464
          ],
          [
            0.8366561,
            49.090808
          ],
          [
            0.8365702,
            49.0905199
          ],
          [
            0.8365273,
            49.0899086
          ],
          [
            0.8363449,
            49.0895854
          ],
          [
            0.8359909,
            49.0892552
          ],
          [
            0.8349395,
            49.0883769
          ],
          [
            0.834521,
            49.0879905
          ],
          [
            0.8344062,
            49.0879047
          ]
        ]
      },
      "id": "way/201255416"
    },
    {
      "type": "Feature",
      "properties": {
        "@id": "way/201256809",
        "highway": "unclassified",
        "maxspeed": "80"
      },
      "geometry": {
        "type": "LineString",
        "coordinates": [
          [
            0.8700061,
            49.1014659
          ],
          [
            0.870409,
            49.101416
          ],
          [
            0.8711171,
            49.1013106
          ],
          [
            0.8726191,
            49.1013527
          ],
          [
            0.8754515,
            49.1014971
          ],
          [
            0.8784878,
            49.1014651
          ],
          [
            0.8798825,
            49.1013246
          ],
          [
            0.8805263,
            49.1012122
          ],
          [
            0.8811486,
            49.1010085
          ],
          [
            0.8824253,
            49.1004395
          ],
          [
            0.8829188,
            49.1003482
          ]
        ]
      },
      "id": "way/201256809"
    },
    {
      "type": "Feature",
      "properties": {
        "@id": "way/201256811",
        "highway": "tertiary",
        "maxspeed": "50",
        "name": "Rue de la Forge"
      },
      "geometry": {
        "type": "LineString",
        "coordinates": [
          [
            0.8883601,
            49.0951213
          ],
          [
            0.888294,
            49.0951396
          ],
          [
            0.887779,
            49.095519
          ],
          [
            0.8869099,
            49.0964674
          ],
          [
            0.8868788,
            49.0965898
          ],
          [
            0.8868134,
            49.0968467
          ],
          [
            0.886867,
            49.0972331
          ],
          [
            0.8869125,
            49.0973931
          ],
          [
            0.8870387,
            49.0978372
          ],
          [
            0.8871352,
            49.098631
          ],
          [
            0.8871996,
            49.098905
          ],
          [
            0.8867061,
            49.099748
          ],
          [
            0.8864164,
            49.1001765
          ],
          [
            0.8864112,
            49.1002091
          ],
          [
            0.8863724,
            49.1004518
          ],
          [
            0.8863633,
            49.1005135
          ],
          [
            0.88637,
            49.10067
          ],
          [
            0.8863725,
            49.1007453
          ],
          [
            0.88638,
            49.10097
          ],
          [
            0.88617,
            49.10134
          ],
          [
            0.8861714,
            49.101627
          ],
          [
            0.8861717,
            49.1016944
          ],
          [
            0.88621,
            49.10182
          ],
          [
            0.88635,
            49.10214
          ],
          [
            0.8864112,
            49.1022509
          ],
          [
            0.8864428,
            49.1023081
          ],
          [
            0.88641,
            49.1026157
          ],
          [
            0.8863939,
            49.1027788
          ],
          [
            0.8864046,
            49.1028787
          ]
        ]
      },
      "id": "way/201256811"
    },
    {
      "type": "Feature",
      "properties": {
        "@id": "way/201270738",
        "highway": "residential",
        "maxspeed": "50"
      },
      "geometry": {
        "type": "LineString",
        "coordinates": [
          [
            0.8864112,
            49.1022509
          ],
          [
            0.886454,
            49.1022136
          ],
          [
            0.8865183,
            49.1020942
          ],
          [
            0.8865317,
            49.1018571
          ],
          [
            0.8865291,
            49.1016885
          ],
          [
            0.8864942,
            49.1015814
          ]
        ]
      },
      "id": "way/201270738"
    },
    {
      "type": "Feature",
      "properties": {
        "@id": "way/201270739",
        "highway": "residential",
        "maxspeed": "50"
      },
      "geometry": {
        "type": "LineString",
        "coordinates": [
          [
            0.8399981,
            49.1071618
          ],
          [
            0.8400142,
            49.1068141
          ],
          [
            0.8400357,
            49.10673
          ],
          [
            0.8401273,
            49.1065433
          ],
          [
            0.8401468,
            49.1065085
          ]
        ]
      },
      "id": "way/201270739"
    },
    {
      "type": "Feature",
      "properties": {
        "@id": "way/201270740",
        "highway": "residential",
        "maxspeed": "50",
        "name": "Rue des Jardins"
      },
      "geometry": {
        "type": "LineString",
        "coordinates": [
          [
            0.8672547,
            49.113286
          ],
          [
            0.8675712,
            49.1135038
          ],
          [
            0.8681077,
            49.1137602
          ],
          [
            0.8686924,
            49.1141078
          ],
          [
            0.8688158,
            49.1141991
          ]
        ]
      },
      "id": "way/201270740"
    },
    {
      "type": "Feature",
      "properties": {
        "@id": "way/201270741",
        "highway": "residential",
        "maxspeed": "50",
        "name": "Rue de la Ferrière"
      },
      "geometry": {
        "type": "LineString",
        "coordinates": [
          [
            0.8717548,
            49.1174951
          ],
          [
            0.8717102,
            49.1174488
          ],
          [
            0.8715999,
            49.1173344
          ],
          [
            0.8704465,
            49.1166216
          ],
          [
            0.8691698,
            49.1156036
          ],
          [
            0.8691101,
            49.1154804
          ]
        ]
      },
      "id": "way/201270741"
    },
    {
      "type": "Feature",
      "properties": {
        "@id": "way/201270743",
        "highway": "residential",
        "maxspeed": "50",
        "name": "Rue du Puits"
      },
      "geometry": {
        "type": "LineString",
        "coordinates": [
          [
            0.8429029,
            49.1078362
          ],
          [
            0.8426857,
            49.1078099
          ],
          [
            0.8424362,
            49.1078485
          ],
          [
            0.8422259,
            49.1079115
          ]
        ]
      },
      "id": "way/201270743"
    },
    {
      "type": "Feature",
      "properties": {
        "@id": "way/201270746",
        "highway": "unclassified",
        "maxspeed": "50",
        "name": "Rue de Grimont"
      },
      "geometry": {
        "type": "LineString",
        "coordinates": [
          [
            0.8636216,
            49.1162321
          ],
          [
            0.8645832,
            49.1161197
          ],
          [
            0.8659351,
            49.115909
          ],
          [
            0.8686387,
            49.1155158
          ],
          [
            0.8688694,
            49.1154985
          ],
          [
            0.8691101,
            49.1154804
          ],
          [
            0.8692932,
            49.1154666
          ],
          [
            0.8703124,
            49.1154385
          ],
          [
            0.870763,
            49.1153613
          ],
          [
            0.8709562,
            49.1152209
          ],
          [
            0.8711707,
            49.1151225
          ],
          [
            0.8714926,
            49.1150312
          ],
          [
            0.871534,
            49.1150288
          ],
          [
            0.8717957,
            49.1150137
          ],
          [
            0.8728766,
            49.114947
          ],
          [
            0.8734939,
            49.1148995
          ],
          [
            0.8743224,
            49.1148172
          ],
          [
            0.8769025,
            49.1145649
          ]
        ]
      },
      "id": "way/201270746"
    },
    {
      "type": "Feature",
      "properties": {
        "@id": "way/201270749",
        "highway": "residential",
        "maxspeed": "50",
        "name": "Rue Brunel"
      },
      "geometry": {
        "type": "LineString",
        "coordinates": [
          [
            0.8688158,
            49.1141991
          ],
          [
            0.8695882,
            49.1141324
          ],
          [
            0.8703553,
            49.1141815
          ],
          [
            0.8710956,
            49.1141113
          ],
          [
            0.8718037,
            49.1139708
          ],
          [
            0.8720666,
            49.1138831
          ],
          [
            0.8728283,
            49.1135389
          ],
          [
            0.8744323,
            49.1127524
          ],
          [
            0.8745741,
            49.1127415
          ]
        ]
      },
      "id": "way/201270749"
    },
    {
      "type": "Feature",
      "properties": {
        "@id": "way/201270750",
        "highway": "residential",
        "maxspeed": "50",
        "name": "Rue du Puits"
      },
      "geometry": {
        "type": "LineString",
        "coordinates": [
          [
            0.8608094,
            49.0895278
          ],
          [
            0.860855,
            49.0894416
          ],
          [
            0.8611983,
            49.0881382
          ],
          [
            0.8612519,
            49.0879485
          ],
          [
            0.861209,
            49.0878642
          ],
          [
            0.8612787,
            49.0871159
          ],
          [
            0.8613592,
            49.0869859
          ],
          [
            0.8615201,
            49.0869088
          ],
          [
            0.8619976,
            49.0867085
          ],
          [
            0.8623034,
            49.0865573
          ],
          [
            0.8624428,
            49.0865397
          ],
          [
            0.862593,
            49.0865432
          ],
          [
            0.8626574,
            49.0864485
          ],
          [
            0.8627701,
            49.0860725
          ],
          [
            0.862754,
            49.08596
          ],
          [
            0.8624536,
            49.0858617
          ]
        ]
      },
      "id": "way/201270750"
    },
    {
      "type": "Feature",
      "properties": {
        "@id": "way/201270752",
        "highway": "residential",
        "maxspeed": "50"
      },
      "geometry": {
        "type": "LineString",
        "coordinates": [
          [
            0.8394509,
            49.1052831
          ],
          [
            0.8394563,
            49.1051988
          ],
          [
            0.8395689,
            49.1047563
          ],
          [
            0.8396387,
            49.1046369
          ]
        ]
      },
      "id": "way/201270752"
    },
    {
      "type": "Feature",
      "properties": {
        "@id": "way/201270753",
        "highway": "residential",
        "maxspeed": "50",
        "name": "Rue de la Neuville"
      },
      "geometry": {
        "type": "LineString",
        "coordinates": [
          [
            0.8467251,
            49.1069688
          ],
          [
            0.8463281,
            49.1067335
          ],
          [
            0.8456039,
            49.1065474
          ],
          [
            0.8449334,
            49.1063577
          ],
          [
            0.8440188,
            49.106087
          ]
        ]
      },
      "id": "way/201270753"
    },
    {
      "type": "Feature",
      "properties": {
        "@id": "way/201270754",
        "highway": "residential",
        "maxspeed": "50",
        "name": "Impasse des Champs"
      },
      "geometry": {
        "type": "LineString",
        "coordinates": [
          [
            0.8663589,
            49.1143394
          ],
          [
            0.8675597,
            49.1148282
          ],
          [
            0.8684343,
            49.1151842
          ],
          [
            0.8684724,
            49.1151998
          ],
          [
            0.868805,
            49.1153999
          ],
          [
            0.8688694,
            49.1154985
          ]
        ]
      },
      "id": "way/201270754"
    },
    {
      "type": "Feature",
      "properties": {
        "@id": "way/201270755",
        "highway": "track",
        "surface": "grass"
      },
      "geometry": {
        "type": "LineString",
        "coordinates": [
          [
            0.8331746,
            49.0930634
          ],
          [
            0.8324986,
            49.0930107
          ],
          [
            0.8320695,
            49.0930039
          ],
          [
            0.8316993,
            49.093046
          ],
          [
            0.8312139,
            49.0931268
          ],
          [
            0.8304172,
            49.093255
          ],
          [
            0.8296501,
            49.0933287
          ],
          [
            0.8289233,
            49.0933411
          ],
          [
            0.8285595,
            49.0933177
          ],
          [
            0.8283188,
            49.0932801
          ],
          [
            0.8254375,
            49.0927412
          ],
          [
            0.8243577,
            49.0925182
          ],
          [
            0.8237215,
            49.092371
          ],
          [
            0.8221153,
            49.0919697
          ],
          [
            0.8216136,
            49.0918611
          ],
          [
            0.821106,
            49.0917678
          ],
          [
            0.8198166,
            49.0915778
          ],
          [
            0.8189518,
            49.0914684
          ],
          [
            0.8182346,
            49.0913927
          ],
          [
            0.8179458,
            49.0913461
          ],
          [
            0.8177253,
            49.091289
          ],
          [
            0.8173944,
            49.0911805
          ],
          [
            0.8169379,
            49.0909967
          ],
          [
            0.8159899,
            49.0905731
          ],
          [
            0.815441,
            49.0903695
          ],
          [
            0.8150131,
            49.0902333
          ],
          [
            0.8145332,
            49.0901055
          ],
          [
            0.8126506,
            49.0896771
          ],
          [
            0.8111838,
            49.0893607
          ],
          [
            0.8108029,
            49.0892624
          ],
          [
            0.8104331,
            49.0891484
          ],
          [
            0.8079697,
            49.0882587
          ]
        ]
      },
      "id": "way/201270755"
    },
    {
      "type": "Feature",
      "properties": {
        "@id": "way/201270757",
        "highway": "residential",
        "maxspeed": "50",
        "name": "Rue de la Croix Ricard"
      },
      "geometry": {
        "type": "LineString",
        "coordinates": [
          [
            0.8445203,
            49.1109405
          ],
          [
            0.8443755,
            49.1104348
          ],
          [
            0.844118,
            49.1094235
          ],
          [
            0.8439651,
            49.1089374
          ],
          [
            0.8439553,
            49.1089116
          ],
          [
            0.8438605,
            49.1086017
          ],
          [
            0.8438229,
            49.1083349
          ],
          [
            0.8438283,
            49.108089
          ],
          [
            0.8438383,
            49.1080698
          ],
          [
            0.8439839,
            49.1077905
          ],
          [
            0.8440375,
            49.1076466
          ],
          [
            0.8439892,
            49.1073516
          ],
          [
            0.8439141,
            49.1069021
          ],
          [
            0.8437907,
            49.1066422
          ],
          [
            0.8437854,
            49.1064877
          ],
          [
            0.8438229,
            49.1063086
          ]
        ]
      },
      "id": "way/201270757"
    },
    {
      "type": "Feature",
      "properties": {
        "@id": "way/201270758",
        "highway": "residential",
        "maxspeed": "50",
        "name": "Rue aux Groslets"
      },
      "geometry": {
        "type": "LineString",
        "coordinates": [
          [
            0.8868788,
            49.0965898
          ],
          [
            0.8867329,
            49.0963866
          ],
          [
            0.8865398,
            49.0961723
          ],
          [
            0.8861857,
            49.0959194
          ],
          [
            0.886057,
            49.0957332
          ],
          [
            0.8860409,
            49.0951677
          ],
          [
            0.8861214,
            49.0944755
          ],
          [
            0.8860999,
            49.0941701
          ],
          [
            0.8862233,
            49.0938399
          ],
          [
            0.8863615,
            49.0936473
          ],
          [
            0.8864754,
            49.0934886
          ],
          [
            0.8868241,
            49.0932287
          ],
          [
            0.8874088,
            49.0928493
          ],
          [
            0.8878165,
            49.0925718
          ],
          [
            0.8879775,
            49.0923856
          ],
          [
            0.8881062,
            49.0921573
          ],
          [
            0.8881732,
            49.0920225
          ]
        ]
      },
      "id": "way/201270758"
    },
    {
      "type": "Feature",
      "properties": {
        "@id": "way/201270759",
        "highway": "residential",
        "maxspeed": "80",
        "name": "Rue du Moulin"
      },
      "geometry": {
        "type": "LineString",
        "coordinates": [
          [
            0.8881321,
            49.0919588
          ],
          [
            0.8877762,
            49.0918023
          ],
          [
            0.8875148,
            49.0916303
          ],
          [
            0.8873646,
            49.0915037
          ],
          [
            0.8871634,
            49.0913739
          ],
          [
            0.886234,
            49.091034
          ],
          [
            0.8861827,
            49.0910221
          ],
          [
            0.8857593,
            49.0909242
          ],
          [
            0.8857191,
            49.0908731
          ],
          [
            0.8864258,
            49.0900307
          ]
        ]
      },
      "id": "way/201270759"
    },
    {
      "type": "Feature",
      "properties": {
        "@id": "way/201270761",
        "access": "permissive",
        "highway": "track",
        "surface": "dirt",
        "tracktype": "grade3"
      },
      "geometry": {
        "type": "LineString",
        "coordinates": [
          [
            0.837411,
            49.1063971
          ],
          [
            0.8375412,
            49.1063964
          ],
          [
            0.8383459,
            49.1064455
          ],
          [
            0.8388769,
            49.106435
          ],
          [
            0.8392927,
            49.1063436
          ],
          [
            0.8396041,
            49.1063514
          ]
        ]
      },
      "id": "way/201270761"
    },
    {
      "type": "Feature",
      "properties": {
        "@id": "way/201270762",
        "highway": "residential",
        "maxspeed": "50",
        "name": "Rue de l'Argilliere"
      },
      "geometry": {
        "type": "LineString",
        "coordinates": [
          [
            0.8378577,
            49.1049459
          ],
          [
            0.8379332,
            49.1049558
          ],
          [
            0.8379918,
            49.1049635
          ],
          [
            0.8386034,
            49.1050618
          ],
          [
            0.8394509,
            49.1052831
          ]
        ]
      },
      "id": "way/201270762"
    },
    {
      "type": "Feature",
      "properties": {
        "@id": "way/201270763",
        "highway": "unclassified",
        "maxspeed": "80"
      },
      "geometry": {
        "type": "LineString",
        "coordinates": [
          [
            0.8743224,
            49.1148172
          ],
          [
            0.8742499,
            49.1143079
          ],
          [
            0.874325,
            49.1141956
          ],
          [
            0.8744216,
            49.1140902
          ],
          [
            0.8744645,
            49.1139357
          ],
          [
            0.8745396,
            49.1128714
          ],
          [
            0.8745741,
            49.1127415
          ],
          [
            0.8745825,
            49.1127099
          ],
          [
            0.8750331,
            49.112415
          ],
          [
            0.8825111,
            49.1071546
          ],
          [
            0.8858263,
            49.1044644
          ],
          [
            0.8861696,
            49.1041343
          ],
          [
            0.8862662,
            49.1039938
          ],
          [
            0.886352,
            49.1032532
          ],
          [
            0.8864046,
            49.1028787
          ]
        ]
      },
      "id": "way/201270763"
    },
    {
      "type": "Feature",
      "properties": {
        "@id": "way/201270765",
        "highway": "unclassified",
        "maxspeed": "50",
        "name": "Rue de l'Argilliere"
      },
      "geometry": {
        "type": "LineString",
        "coordinates": [
          [
            0.8378577,
            49.1049459
          ],
          [
            0.8378273,
            49.1049453
          ],
          [
            0.8365649,
            49.1049212
          ],
          [
            0.8359733,
            49.1049446
          ],
          [
            0.8355885,
            49.1049598
          ],
          [
            0.834226,
            49.1050408
          ]
        ]
      },
      "id": "way/201270765"
    },
    {
      "type": "Feature",
      "properties": {
        "@id": "way/201270769",
        "highway": "unclassified",
        "maxspeed": "80",
        "surface": "asphalt"
      },
      "geometry": {
        "type": "LineString",
        "coordinates": [
          [
            0.7995826,
            49.114701
          ],
          [
            0.8017874,
            49.1140023
          ],
          [
            0.8026671,
            49.1136617
          ],
          [
            0.8045929,
            49.11277
          ],
          [
            0.8059126,
            49.1123486
          ],
          [
            0.8075702,
            49.1118779
          ],
          [
            0.8100807,
            49.1113898
          ],
          [
            0.8153325,
            49.1103398
          ],
          [
            0.8156866,
            49.1102452
          ],
          [
            0.8159172,
            49.1101256
          ],
          [
            0.8166307,
            49.1095989
          ],
          [
            0.8171886,
            49.1094303
          ],
          [
            0.817945,
            49.1093004
          ],
          [
            0.8186263,
            49.1093074
          ],
          [
            0.8197367,
            49.1094057
          ],
          [
            0.8207828,
            49.1096691
          ],
          [
            0.8226174,
            49.1101256
          ],
          [
            0.8230734,
            49.1101959
          ],
          [
            0.8236581,
            49.1102134
          ],
          [
            0.8243823,
            49.1101959
          ],
          [
            0.8249455,
            49.1101326
          ],
          [
            0.8259862,
            49.1099255
          ],
          [
            0.8264744,
            49.1097885
          ],
          [
            0.8267658,
            49.1096847
          ],
          [
            0.8280408,
            49.1092302
          ],
          [
            0.8291244,
            49.108886
          ],
          [
            0.8322251,
            49.1080188
          ],
          [
            0.8343554,
            49.1074011
          ],
          [
            0.8344101,
            49.1073852
          ],
          [
            0.8344467,
            49.1073708
          ],
          [
            0.8345318,
            49.1073373
          ],
          [
            0.8368887,
            49.1063943
          ]
        ]
      },
      "id": "way/201270769"
    },
    {
      "type": "Feature",
      "properties": {
        "@id": "way/201270774",
        "highway": "residential",
        "maxspeed": "50"
      },
      "geometry": {
        "type": "LineString",
        "coordinates": [
          [
            0.8431634,
            49.1089037
          ],
          [
            0.8439651,
            49.1089374
          ]
        ]
      },
      "id": "way/201270774"
    },
    {
      "type": "Feature",
      "properties": {
        "@id": "way/201271327",
        "highway": "primary",
        "lanes": "1",
        "maxspeed": "90",
        "old_ref": "N 13",
        "oneway": "yes",
        "ref": "D 613",
        "sidewalk": "no",
        "surface": "asphalt"
      },
      "geometry": {
        "type": "LineString",
        "coordinates": [
          [
            0.8650314,
            49.1190016
          ],
          [
            0.8645779,
            49.1191285
          ],
          [
            0.8632368,
            49.1194482
          ],
          [
            0.8627915,
            49.1195533
          ],
          [
            0.8616489,
            49.1197921
          ],
          [
            0.861442,
            49.1198544
          ]
        ]
      },
      "id": "way/201271327"
    },
    {
      "type": "Feature",
      "properties": {
        "@id": "way/201271328",
        "highway": "primary",
        "lanes": "3",
        "lanes:backward": "2",
        "lanes:forward": "1",
        "maxspeed": "90",
        "name": "Route Nationale 13",
        "old_ref": "N 13",
        "ref": "D 613",
        "surface": "asphalt"
      },
      "geometry": {
        "type": "LineString",
        "coordinates": [
          [
            0.8521031,
            49.1218984
          ],
          [
            0.8563985,
            49.1209348
          ],
          [
            0.8571935,
            49.1207569
          ]
        ]
      },
      "id": "way/201271328"
    },
    {
      "type": "Feature",
      "properties": {
        "@id": "way/201271329",
        "highway": "primary",
        "lanes": "1",
        "maxspeed": "90",
        "old_ref": "N 13",
        "oneway": "yes",
        "ref": "D 613",
        "sidewalk": "no",
        "surface": "asphalt"
      },
      "geometry": {
        "type": "LineString",
        "coordinates": [
          [
            0.8613126,
            49.1196939
          ],
          [
            0.8614719,
            49.1196973
          ],
          [
            0.8616382,
            49.1196762
          ],
          [
            0.8625769,
            49.119455
          ],
          [
            0.8632582,
            49.1193041
          ],
          [
            0.8642131,
            49.1191252
          ],
          [
            0.864771,
            49.1190232
          ],
          [
            0.8650314,
            49.1190016
          ]
        ]
      },
      "id": "way/201271329"
    },
    {
      "type": "Feature",
      "properties": {
        "@id": "way/201271330",
        "cycleway:right": "no",
        "foot": "no",
        "highway": "primary",
        "lanes": "1",
        "maxspeed": "90",
        "old_ref": "N 13",
        "oneway": "yes",
        "ref": "D 613",
        "shoulder": "no",
        "sidewalk": "no",
        "surface": "asphalt"
      },
      "geometry": {
        "type": "LineString",
        "coordinates": [
          [
            0.8607272,
            49.1200755
          ],
          [
            0.8605277,
            49.1200835
          ],
          [
            0.8592349,
            49.120361
          ],
          [
            0.8581298,
            49.120582
          ],
          [
            0.8576792,
            49.1206663
          ],
          [
            0.857657,
            49.1206704
          ],
          [
            0.8571935,
            49.1207569
          ]
        ]
      },
      "id": "way/201271330"
    },
    {
      "type": "Feature",
      "properties": {
        "@id": "way/201284382",
        "highway": "unclassified",
        "maxspeed": "50",
        "name": "Rue de la Forge",
        "surface": "asphalt"
      },
      "geometry": {
        "type": "LineString",
        "coordinates": [
          [
            0.881024,
            49.133828
          ],
          [
            0.8810979,
            49.1337446
          ],
          [
            0.8815847,
            49.133281
          ],
          [
            0.8832329,
            49.1325934
          ],
          [
            0.8837372,
            49.1323547
          ]
        ]
      },
      "id": "way/201284382"
    },
    {
      "type": "Feature",
      "properties": {
        "@id": "way/201285715",
        "highway": "unclassified",
        "maxspeed": "80"
      },
      "geometry": {
        "type": "LineString",
        "coordinates": [
          [
            0.8474887,
            49.1229361
          ],
          [
            0.8475538,
            49.1229879
          ],
          [
            0.8476278,
            49.1230281
          ],
          [
            0.848611,
            49.123284
          ],
          [
            0.8493727,
            49.1235157
          ],
          [
            0.8497375,
            49.1236982
          ],
          [
            0.8507138,
            49.1241827
          ],
          [
            0.8514621,
            49.1244583
          ],
          [
            0.8525565,
            49.124704
          ],
          [
            0.8539539,
            49.1249129
          ],
          [
            0.8552521,
            49.1251376
          ],
          [
            0.8555149,
            49.1252035
          ],
          [
            0.8560434,
            49.1253359
          ],
          [
            0.8568722,
            49.125601
          ],
          [
            0.8582669,
            49.1265277
          ],
          [
            0.8592942,
            49.1272737
          ],
          [
            0.8599513,
            49.1276862
          ],
          [
            0.8605495,
            49.1281583
          ],
          [
            0.8613016,
            49.1285439
          ],
          [
            0.8619344,
            49.1290426
          ],
          [
            0.8625786,
            49.1295179
          ],
          [
            0.8638256,
            49.130569
          ],
          [
            0.8657878,
            49.132102
          ],
          [
            0.8662606,
            49.1324409
          ],
          [
            0.8667212,
            49.1326987
          ],
          [
            0.867858,
            49.1332916
          ],
          [
            0.8689421,
            49.133857
          ],
          [
            0.8694379,
            49.134215
          ],
          [
            0.8708958,
            49.135425
          ],
          [
            0.8714732,
            49.1359006
          ],
          [
            0.8716395,
            49.1359941
          ],
          [
            0.8718249,
            49.1360629
          ],
          [
            0.8728892,
            49.1363867
          ]
        ]
      },
      "id": "way/201285715"
    },
    {
      "type": "Feature",
      "properties": {
        "@id": "way/201285716",
        "highway": "residential",
        "maxspeed": "50",
        "name": "Rue de la Grange du Temple",
        "surface": "asphalt"
      },
      "geometry": {
        "type": "LineString",
        "coordinates": [
          [
            0.8754084,
            49.1376034
          ],
          [
            0.8753921,
            49.1375222
          ],
          [
            0.8754223,
            49.1372579
          ],
          [
            0.8754911,
            49.1369792
          ],
          [
            0.87559,
            49.1367415
          ],
          [
            0.8759612,
            49.1361259
          ],
          [
            0.8763045,
            49.1357574
          ],
          [
            0.8766264,
            49.135459
          ],
          [
            0.8769995,
            49.1351837
          ],
          [
            0.8772355,
            49.1349626
          ],
          [
            0.8780318,
            49.1340691
          ],
          [
            0.8788365,
            49.1332864
          ],
          [
            0.8789277,
            49.1332162
          ],
          [
            0.8792971,
            49.1325962
          ]
        ]
      },
      "id": "way/201285716"
    },
    {
      "type": "Feature",
      "properties": {
        "@id": "way/201285717",
        "highway": "residential",
        "lane_markings": "no",
        "maxspeed": "50",
        "name": "Rue de l'Église",
        "surface": "asphalt"
      },
      "geometry": {
        "type": "LineString",
        "coordinates": [
          [
            0.8730751,
            49.1395343
          ],
          [
            0.8732015,
            49.1394023
          ],
          [
            0.8732202,
            49.1393883
          ],
          [
            0.8737164,
            49.1390162
          ],
          [
            0.873993,
            49.1387913
          ],
          [
            0.8743387,
            49.1384968
          ],
          [
            0.8751187,
            49.1378177
          ],
          [
            0.8753324,
            49.1376596
          ],
          [
            0.8754084,
            49.1376034
          ],
          [
            0.8755521,
            49.1375746
          ],
          [
            0.8757155,
            49.1375418
          ],
          [
            0.8762242,
            49.1374506
          ],
          [
            0.8767956,
            49.1372614
          ],
          [
            0.8772891,
            49.1370228
          ],
          [
            0.8776325,
            49.1368262
          ],
          [
            0.8777934,
            49.1366437
          ],
          [
            0.878008,
            49.1365174
          ],
          [
            0.8785337,
            49.1362296
          ],
          [
            0.8790379,
            49.1359769
          ],
          [
            0.879392,
            49.1357593
          ],
          [
            0.8799821,
            49.135289
          ],
          [
            0.8802932,
            49.1350643
          ],
          [
            0.8805829,
            49.1346853
          ],
          [
            0.8806902,
            49.1343694
          ],
          [
            0.8808465,
            49.1340532
          ],
          [
            0.881024,
            49.133828
          ]
        ]
      },
      "id": "way/201285717"
    },
    {
      "type": "Feature",
      "properties": {
        "@id": "way/201285718",
        "cycleway:both": "no",
        "highway": "residential",
        "lane_markings": "no",
        "maxspeed": "50",
        "name": "Rue Suzanne Fouché",
        "sidewalk": "no",
        "surface": "asphalt"
      },
      "geometry": {
        "type": "LineString",
        "coordinates": [
          [
            0.882752,
            49.1350388
          ],
          [
            0.8827056,
            49.1350658
          ],
          [
            0.8823478,
            49.1351591
          ],
          [
            0.8813256,
            49.1354555
          ],
          [
            0.8809369,
            49.1356013
          ],
          [
            0.8801913,
            49.1361173
          ],
          [
            0.8791023,
            49.1368192
          ],
          [
            0.878641,
            49.1371456
          ],
          [
            0.8783728,
            49.1373983
          ],
          [
            0.8778548,
            49.1380036
          ],
          [
            0.8772862,
            49.1386493
          ],
          [
            0.8772227,
            49.1387137
          ]
        ]
      },
      "id": "way/201285718"
    },
    {
      "type": "Feature",
      "properties": {
        "@id": "way/201285719",
        "cycleway:both": "no",
        "highway": "residential",
        "maxspeed": "50",
        "name": "Rue Cauche"
      },
      "geometry": {
        "type": "LineString",
        "coordinates": [
          [
            0.8700686,
            49.1379493
          ],
          [
            0.8703637,
            49.1379669
          ],
          [
            0.8716565,
            49.1381424
          ],
          [
            0.8729815,
            49.1384617
          ],
          [
            0.8731733,
            49.1385336
          ],
          [
            0.8732877,
            49.1386299
          ],
          [
            0.8734455,
            49.1386942
          ],
          [
            0.873993,
            49.1387913
          ]
        ]
      },
      "id": "way/201285719"
    },
    {
      "type": "Feature",
      "properties": {
        "@id": "way/201285720",
        "highway": "unclassified",
        "maxspeed": "80",
        "sidewalk": "no",
        "surface": "asphalt"
      },
      "geometry": {
        "type": "LineString",
        "coordinates": [
          [
            0.8897037,
            49.1398968
          ],
          [
            0.889747,
            49.1398663
          ],
          [
            0.8898434,
            49.139792
          ],
          [
            0.8904558,
            49.1394179
          ],
          [
            0.8905417,
            49.1393372
          ],
          [
            0.8905202,
            49.1392635
          ],
          [
            0.8904344,
            49.1391266
          ],
          [
            0.8901769,
            49.13873
          ],
          [
            0.8897477,
            49.1379334
          ],
          [
            0.8895439,
            49.1375333
          ],
          [
            0.8893615,
            49.1372981
          ],
          [
            0.8889216,
            49.1369156
          ],
          [
            0.8885193,
            49.1365751
          ],
          [
            0.8883315,
            49.1363821
          ],
          [
            0.8881223,
            49.1360522
          ],
          [
            0.8879077,
            49.1356872
          ],
          [
            0.8873659,
            49.1350273
          ],
          [
            0.8870763,
            49.1347009
          ],
          [
            0.8865213,
            49.1341693
          ],
          [
            0.8864369,
            49.1340991
          ]
        ]
      },
      "id": "way/201285720"
    },
    {
      "type": "Feature",
      "properties": {
        "@id": "way/201285721",
        "highway": "unclassified",
        "maxspeed": "80",
        "sidewalk": "no",
        "surface": "asphalt"
      },
      "geometry": {
        "type": "LineString",
        "coordinates": [
          [
            0.8696876,
            49.1258955
          ],
          [
            0.8697695,
            49.125872
          ],
          [
            0.8699908,
            49.1258836
          ],
          [
            0.8719537,
            49.1261293
          ],
          [
            0.8727047,
            49.1261714
          ],
          [
            0.8733806,
            49.1261363
          ],
          [
            0.8748827,
            49.1259959
          ],
          [
            0.8764705,
            49.1258555
          ],
          [
            0.8768171,
            49.1259099
          ],
          [
            0.8771357,
            49.126045
          ],
          [
            0.878126,
            49.126605
          ]
        ]
      },
      "id": "way/201285721"
    },
    {
      "type": "Feature",
      "properties": {
        "@id": "way/201285722",
        "highway": "residential",
        "maxspeed": "50",
        "name": "Rue Coquerel",
        "surface": "asphalt"
      },
      "geometry": {
        "type": "LineString",
        "coordinates": [
          [
            0.8828102,
            49.135078
          ],
          [
            0.8828705,
            49.1350495
          ],
          [
            0.8830988,
            49.134924
          ],
          [
            0.8831685,
            49.1348362
          ],
          [
            0.8832812,
            49.1346467
          ],
          [
            0.8833456,
            49.134573
          ],
          [
            0.8833724,
            49.1345449
          ],
          [
            0.8835387,
            49.1345414
          ],
          [
            0.8837962,
            49.1345203
          ],
          [
            0.8840376,
            49.1344817
          ],
          [
            0.8845955,
            49.1343694
          ],
          [
            0.8853885,
            49.1342497
          ],
          [
            0.8859361,
            49.1341866
          ],
          [
            0.8863631,
            49.1341298
          ],
          [
            0.8864369,
            49.1340991
          ]
        ]
      },
      "id": "way/201285722"
    },
    {
      "type": "Feature",
      "properties": {
        "@id": "way/201285723",
        "cycleway:both": "no",
        "highway": "residential",
        "lane_markings": "no",
        "maxspeed": "50",
        "name": "Rue des Trembles",
        "oneway": "yes",
        "sidewalk": "no",
        "surface": "asphalt"
      },
      "geometry": {
        "type": "LineString",
        "coordinates": [
          [
            0.8772227,
            49.1387137
          ],
          [
            0.8772263,
            49.1387429
          ],
          [
            0.8772486,
            49.1388002
          ],
          [
            0.8773291,
            49.1388599
          ],
          [
            0.8774149,
            49.138902
          ],
          [
            0.8776241,
            49.1389862
          ],
          [
            0.8785897,
            49.1393904
          ],
          [
            0.8793801,
            49.1397897
          ]
        ]
      },
      "id": "way/201285723"
    },
    {
      "type": "Feature",
      "properties": {
        "@id": "way/201285724",
        "highway": "residential",
        "maxspeed": "50",
        "name": "Rue de la Garenne"
      },
      "geometry": {
        "type": "LineString",
        "coordinates": [
          [
            0.8803708,
            49.1304193
          ],
          [
            0.8807665,
            49.1308598
          ],
          [
            0.8811162,
            49.1311698
          ],
          [
            0.8815082,
            49.1314606
          ],
          [
            0.8817898,
            49.1316421
          ],
          [
            0.8820983,
            49.1318104
          ],
          [
            0.8823941,
            49.131934
          ],
          [
            0.8825798,
            49.1319638
          ],
          [
            0.8827958,
            49.1319693
          ],
          [
            0.8832514,
            49.1319469
          ],
          [
            0.8836287,
            49.1319248
          ],
          [
            0.8836718,
            49.1319223
          ]
        ]
      },
      "id": "way/201285724"
    },
    {
      "type": "Feature",
      "properties": {
        "@id": "way/201285725",
        "highway": "residential",
        "maxspeed": "30"
      },
      "geometry": {
        "type": "LineString",
        "coordinates": [
          [
            0.8803708,
            49.1304193
          ],
          [
            0.880456,
            49.1304295
          ],
          [
            0.8807296,
            49.1303536
          ],
          [
            0.8809608,
            49.1302537
          ],
          [
            0.8813876,
            49.1300626
          ],
          [
            0.8815324,
            49.1300345
          ],
          [
            0.8817054,
            49.13006
          ],
          [
            0.8818906,
            49.1300989
          ],
          [
            0.8820262,
            49.1300736
          ],
          [
            0.8821319,
            49.1300282
          ]
        ]
      },
      "id": "way/201285725"
    },
    {
      "type": "Feature",
      "properties": {
        "@id": "way/201287750",
        "highway": "unclassified",
        "maxspeed": "80"
      },
      "geometry": {
        "type": "LineString",
        "coordinates": [
          [
            0.8514065,
            49.1469654
          ],
          [
            0.8509114,
            49.146324
          ],
          [
            0.8498203,
            49.1451944
          ],
          [
            0.8488729,
            49.144401
          ],
          [
            0.8474814,
            49.1433556
          ],
          [
            0.8467518,
            49.142738
          ],
          [
            0.8456789,
            49.1417904
          ],
          [
            0.8452927,
            49.1413202
          ],
          [
            0.8443271,
            49.1400498
          ],
          [
            0.8436726,
            49.1393268
          ],
          [
            0.8432542,
            49.1389899
          ],
          [
            0.8430295,
            49.1388172
          ]
        ]
      },
      "id": "way/201287750"
    },
    {
      "type": "Feature",
      "properties": {
        "@id": "way/201287751",
        "highway": "unclassified",
        "maxspeed": "80",
        "name": "Rue Cardin"
      },
      "geometry": {
        "type": "LineString",
        "coordinates": [
          [
            0.8349876,
            49.1446292
          ],
          [
            0.8348858,
            49.144573
          ],
          [
            0.8347397,
            49.144523
          ],
          [
            0.8345304,
            49.144451
          ],
          [
            0.8340597,
            49.1442387
          ],
          [
            0.8338879,
            49.1441239
          ],
          [
            0.8338686,
            49.1440395
          ],
          [
            0.8340328,
            49.1437344
          ],
          [
            0.8339684,
            49.1436151
          ],
          [
            0.8337216,
            49.1432607
          ],
          [
            0.8333966,
            49.1428604
          ],
          [
            0.8332624,
            49.1425867
          ],
          [
            0.8332088,
            49.14232
          ],
          [
            0.8331852,
            49.1420464
          ],
          [
            0.8332335,
            49.1418043
          ],
          [
            0.8332818,
            49.1416464
          ],
          [
            0.8332818,
            49.1415025
          ],
          [
            0.8331423,
            49.1414007
          ],
          [
            0.8329492,
            49.1412919
          ],
          [
            0.8325951,
            49.1411621
          ],
          [
            0.8320909,
            49.140927
          ],
          [
            0.8316853,
            49.1406706
          ],
          [
            0.831431,
            49.1404637
          ],
          [
            0.8311328,
            49.1399933
          ],
          [
            0.8307229,
            49.1393126
          ],
          [
            0.8300652,
            49.1384245
          ],
          [
            0.8288078,
            49.1367541
          ],
          [
            0.8281051,
            49.1359223
          ],
          [
            0.8265604,
            49.1343464
          ],
          [
            0.8259739,
            49.1336869
          ]
        ]
      },
      "id": "way/201287751"
    },
    {
      "type": "Feature",
      "properties": {
        "@id": "way/234171573",
        "highway": "primary",
        "lanes": "3",
        "lanes:backward": "2",
        "lanes:forward": "1",
        "maxspeed": "90",
        "old_ref": "N 13",
        "ref": "D 613"
      },
      "geometry": {
        "type": "LineString",
        "coordinates": [
          [
            0.8260298,
            49.1277431
          ],
          [
            0.8269509,
            49.1275319
          ]
        ]
      },
      "id": "way/234171573"
    },
    {
      "type": "Feature",
      "properties": {
        "@id": "way/234171577",
        "highway": "residential",
        "lanes": "1",
        "maxspeed": "50"
      },
      "geometry": {
        "type": "LineString",
        "coordinates": [
          [
            0.8514244,
            49.1220561
          ],
          [
            0.8513754,
            49.1219265
          ],
          [
            0.8514695,
            49.1214022
          ],
          [
            0.8515043,
            49.1210442
          ],
          [
            0.8514799,
            49.1208482
          ],
          [
            0.8514172,
            49.1207798
          ],
          [
            0.8513162,
            49.1207912
          ],
          [
            0.8509748,
            49.1208983
          ],
          [
            0.8505917,
            49.1209804
          ],
          [
            0.8504628,
            49.1209941
          ]
        ]
      },
      "id": "way/234171577"
    },
    {
      "type": "Feature",
      "properties": {
        "@id": "way/234171578",
        "cycleway:both": "no",
        "highway": "residential",
        "lanes": "1",
        "maxspeed": "50",
        "name": "Chemin de la Mare",
        "surface": "asphalt"
      },
      "geometry": {
        "type": "LineString",
        "coordinates": [
          [
            0.8504628,
            49.1209941
          ],
          [
            0.8502398,
            49.1209827
          ],
          [
            0.8495536,
            49.1210283
          ],
          [
            0.8491426,
            49.1210716
          ],
          [
            0.848937,
            49.1210602
          ],
          [
            0.8487698,
            49.1209918
          ],
          [
            0.8483971,
            49.1208277
          ],
          [
            0.8481463,
            49.1207593
          ],
          [
            0.8477074,
            49.1207023
          ],
          [
            0.8471501,
            49.1206293
          ],
          [
            0.846739,
            49.1206476
          ]
        ]
      },
      "id": "way/234171578"
    },
    {
      "type": "Feature",
      "properties": {
        "@id": "way/234171581",
        "highway": "unclassified",
        "maxspeed": "80"
      },
      "geometry": {
        "type": "LineString",
        "coordinates": [
          [
            0.8269509,
            49.1275319
          ],
          [
            0.8268813,
            49.1274764
          ],
          [
            0.8267419,
            49.1273883
          ],
          [
            0.8265503,
            49.1272378
          ]
        ]
      },
      "id": "way/234171581"
    },
    {
      "type": "Feature",
      "properties": {
        "@id": "way/234171583",
        "highway": "unclassified",
        "maxspeed": "80",
        "sidewalk": "no",
        "surface": "asphalt"
      },
      "geometry": {
        "type": "LineString",
        "coordinates": [
          [
            0.8334707,
            49.1211188
          ],
          [
            0.8338932,
            49.1201493
          ],
          [
            0.834578,
            49.1187371
          ],
          [
            0.8353612,
            49.1169605
          ],
          [
            0.8358637,
            49.1155966
          ],
          [
            0.8363958,
            49.1141521
          ],
          [
            0.8366569,
            49.1132234
          ],
          [
            0.8367505,
            49.1124463
          ],
          [
            0.836849,
            49.1112628
          ],
          [
            0.8370066,
            49.1098472
          ],
          [
            0.837179,
            49.1088443
          ],
          [
            0.8372292,
            49.1087484
          ],
          [
            0.8372475,
            49.1087136
          ]
        ]
      },
      "id": "way/234171583"
    },
    {
      "type": "Feature",
      "properties": {
        "@id": "way/234171588",
        "highway": "unclassified",
        "maxspeed": "80"
      },
      "geometry": {
        "type": "LineString",
        "coordinates": [
          [
            0.8397479,
            49.1173874
          ],
          [
            0.8396852,
            49.1174809
          ],
          [
            0.8396364,
            49.1176541
          ],
          [
            0.8395458,
            49.117987
          ],
          [
            0.8394483,
            49.1181056
          ],
          [
            0.8392776,
            49.1182218
          ],
          [
            0.8387342,
            49.1185387
          ],
          [
            0.8385531,
            49.1186801
          ],
          [
            0.8384207,
            49.1188511
          ],
          [
            0.8382639,
            49.1191839
          ],
          [
            0.8380515,
            49.1195099
          ],
          [
            0.8378146,
            49.1198656
          ],
          [
            0.8376149,
            49.1203286
          ]
        ]
      },
      "id": "way/234171588"
    },
    {
      "type": "Feature",
      "properties": {
        "@id": "way/234171591",
        "highway": "residential",
        "lanes": "1",
        "maxspeed": "50",
        "name": "Chemin du Tour de la Ville"
      },
      "geometry": {
        "type": "LineString",
        "coordinates": [
          [
            0.8481017,
            49.1174189
          ],
          [
            0.8483623,
            49.1178342
          ],
          [
            0.8484703,
            49.1181078
          ],
          [
            0.848526,
            49.1183655
          ],
          [
            0.8485957,
            49.1185296
          ],
          [
            0.8489336,
            49.118785
          ],
          [
            0.8491112,
            49.1189651
          ],
          [
            0.8492192,
            49.1191771
          ],
          [
            0.8494421,
            49.1196467
          ],
          [
            0.8496999,
            49.1199408
          ],
          [
            0.8502433,
            49.1205769
          ],
          [
            0.8503478,
            49.1207547
          ],
          [
            0.8504628,
            49.1209941
          ]
        ]
      },
      "id": "way/234171591"
    },
    {
      "type": "Feature",
      "properties": {
        "@id": "way/234171593",
        "highway": "residential",
        "maxspeed": "50",
        "name": "Rue aux Juifs"
      },
      "geometry": {
        "type": "LineString",
        "coordinates": [
          [
            0.8470171,
            49.1185608
          ],
          [
            0.8469062,
            49.118537
          ],
          [
            0.8466404,
            49.1184888
          ],
          [
            0.8462235,
            49.1184498
          ],
          [
            0.845896,
            49.1184133
          ],
          [
            0.8456418,
            49.118329
          ],
          [
            0.8451069,
            49.1181412
          ],
          [
            0.8443285,
            49.1179323
          ],
          [
            0.8441677,
            49.1179011
          ],
          [
            0.8436109,
            49.1177932
          ],
          [
            0.8428481,
            49.1176701
          ],
          [
            0.8421305,
            49.1175766
          ],
          [
            0.841392,
            49.1175082
          ],
          [
            0.8406326,
            49.1174831
          ],
          [
            0.8402564,
            49.1174581
          ],
          [
            0.8397479,
            49.1173874
          ]
        ]
      },
      "id": "way/234171593"
    },
    {
      "type": "Feature",
      "properties": {
        "@id": "way/234171598",
        "highway": "unclassified",
        "lane_markings": "no",
        "maxspeed": "50",
        "name": "Rue d'Ecardenville",
        "surface": "asphalt"
      },
      "geometry": {
        "type": "LineString",
        "coordinates": [
          [
            0.8452956,
            49.1124815
          ],
          [
            0.8453015,
            49.1125233
          ],
          [
            0.8453387,
            49.1127886
          ],
          [
            0.8453875,
            49.1131238
          ],
          [
            0.8454432,
            49.1134293
          ],
          [
            0.8455756,
            49.1137918
          ],
          [
            0.8456627,
            49.1140084
          ]
        ]
      },
      "id": "way/234171598"
    },
    {
      "type": "Feature",
      "properties": {
        "@id": "way/234171600",
        "highway": "unclassified",
        "maxspeed": "80",
        "name": "Chemin de la Messe"
      },
      "geometry": {
        "type": "LineString",
        "coordinates": [
          [
            0.8457929,
            49.1191112
          ],
          [
            0.845485,
            49.1191475
          ],
          [
            0.8448684,
            49.1192204
          ],
          [
            0.8443076,
            49.119364
          ],
          [
            0.8436562,
            49.1195555
          ],
          [
            0.8430056,
            49.1196987
          ],
          [
            0.8420006,
            49.1199147
          ],
          [
            0.8405178,
            49.1201436
          ],
          [
            0.8396754,
            49.1202339
          ],
          [
            0.8380294,
            49.1203081
          ],
          [
            0.8376149,
            49.1203286
          ],
          [
            0.8371307,
            49.1204381
          ],
          [
            0.8365769,
            49.1206341
          ],
          [
            0.8362007,
            49.1207139
          ],
          [
            0.8354517,
            49.120796
          ],
          [
            0.8344067,
            49.1209236
          ],
          [
            0.8337518,
            49.1210582
          ],
          [
            0.8334707,
            49.1211188
          ],
          [
            0.8331283,
            49.1211927
          ]
        ]
      },
      "id": "way/234171600"
    },
    {
      "type": "Feature",
      "properties": {
        "@id": "way/234171603",
        "highway": "service"
      },
      "geometry": {
        "type": "LineString",
        "coordinates": [
          [
            0.8506718,
            49.1216301
          ],
          [
            0.8504628,
            49.1209941
          ]
        ]
      },
      "id": "way/234171603"
    },
    {
      "type": "Feature",
      "properties": {
        "@id": "way/234171605",
        "highway": "residential",
        "maxspeed": "50",
        "name": "Chemin des Grandes Forières"
      },
      "geometry": {
        "type": "LineString",
        "coordinates": [
          [
            0.8240492,
            49.1206862
          ],
          [
            0.8243817,
            49.1206485
          ],
          [
            0.8244916,
            49.120636
          ],
          [
            0.8248504,
            49.1206588
          ],
          [
            0.8253172,
            49.120709
          ],
          [
            0.8259512,
            49.1208982
          ],
          [
            0.8262612,
            49.1209415
          ],
          [
            0.8267071,
            49.1209734
          ],
          [
            0.8279193,
            49.1210168
          ],
          [
            0.8284696,
            49.1211353
          ],
          [
            0.8288563,
            49.1211946
          ],
          [
            0.8296679,
            49.1212014
          ],
          [
            0.8302253,
            49.1211467
          ],
          [
            0.8311031,
            49.121019
          ],
          [
            0.8315072,
            49.1209803
          ],
          [
            0.8319321,
            49.1209871
          ],
          [
            0.8328099,
            49.121076
          ],
          [
            0.8330224,
            49.1211171
          ],
          [
            0.8331283,
            49.1211927
          ]
        ]
      },
      "id": "way/234171605"
    },
    {
      "type": "Feature",
      "properties": {
        "@id": "way/234171607",
        "highway": "unclassified",
        "maxspeed": "50",
        "name": "Rue de la Forge",
        "surface": "asphalt"
      },
      "geometry": {
        "type": "LineString",
        "coordinates": [
          [
            0.8438041,
            49.1117874
          ],
          [
            0.8437733,
            49.1118359
          ],
          [
            0.8437846,
            49.1118988
          ],
          [
            0.8438436,
            49.112008
          ],
          [
            0.8440273,
            49.1125222
          ],
          [
            0.8441599,
            49.1131469
          ],
          [
            0.844182,
            49.1133866
          ],
          [
            0.844169,
            49.1135064
          ],
          [
            0.8441321,
            49.1135951
          ],
          [
            0.8440532,
            49.1136883
          ],
          [
            0.8439767,
            49.1137394
          ],
          [
            0.8438728,
            49.1137874
          ],
          [
            0.8437452,
            49.1137988
          ],
          [
            0.8423399,
            49.1136909
          ],
          [
            0.8418774,
            49.113643
          ],
          [
            0.8416537,
            49.1135921
          ],
          [
            0.8415189,
            49.1135731
          ],
          [
            0.8414614,
            49.113585
          ],
          [
            0.8414373,
            49.113614
          ]
        ]
      },
      "id": "way/234171607"
    },
    {
      "type": "Feature",
      "properties": {
        "@id": "way/234171610",
        "highway": "unclassified",
        "maxspeed": "80"
      },
      "geometry": {
        "type": "LineString",
        "coordinates": [
          [
            0.8468424,
            49.1228491
          ],
          [
            0.8467845,
            49.1228405
          ],
          [
            0.8466648,
            49.1228226
          ],
          [
            0.846292,
            49.1227383
          ],
          [
            0.8458009,
            49.1227041
          ],
          [
            0.8449753,
            49.1225992
          ],
          [
            0.8439442,
            49.1224784
          ],
          [
            0.8430316,
            49.1224055
          ],
          [
            0.8420423,
            49.1223713
          ],
          [
            0.8404225,
            49.1222869
          ],
          [
            0.8394959,
            49.1222436
          ],
          [
            0.8388829,
            49.1222618
          ],
          [
            0.8378309,
            49.122369
          ],
          [
            0.8371447,
            49.1223667
          ],
          [
            0.8364689,
            49.1223257
          ],
          [
            0.8359394,
            49.122255
          ],
          [
            0.8355927,
            49.1221794
          ],
          [
            0.8354691,
            49.1221524
          ],
          [
            0.8350442,
            49.1220156
          ],
          [
            0.8343336,
            49.1217603
          ],
          [
            0.8338354,
            49.1215551
          ],
          [
            0.8334348,
            49.1213431
          ],
          [
            0.8331283,
            49.1211927
          ]
        ]
      },
      "id": "way/234171610"
    },
    {
      "type": "Feature",
      "properties": {
        "@id": "way/234171611",
        "highway": "unclassified",
        "maxspeed": "80",
        "oneway": "yes"
      },
      "geometry": {
        "type": "LineString",
        "coordinates": [
          [
            0.8260298,
            49.1277431
          ],
          [
            0.8262124,
            49.1275296
          ],
          [
            0.8263866,
            49.1273791
          ],
          [
            0.8265503,
            49.1272378
          ]
        ]
      },
      "id": "way/234171611"
    },
    {
      "type": "Feature",
      "properties": {
        "@id": "way/234171612",
        "highway": "unclassified",
        "maxspeed": "50"
      },
      "geometry": {
        "type": "LineString",
        "coordinates": [
          [
            0.8191899,
            49.1228992
          ],
          [
            0.8193258,
            49.1234538
          ],
          [
            0.8194964,
            49.1239211
          ]
        ]
      },
      "id": "way/234171612"
    },
    {
      "type": "Feature",
      "properties": {
        "@id": "way/234171613",
        "highway": "residential",
        "maxspeed": "50"
      },
      "geometry": {
        "type": "LineString",
        "coordinates": [
          [
            0.8466624,
            49.1190745
          ],
          [
            0.8460311,
            49.1190804
          ],
          [
            0.8457929,
            49.1191112
          ]
        ]
      },
      "id": "way/234171613"
    },
    {
      "type": "Feature",
      "properties": {
        "@id": "way/234171614",
        "highway": "service",
        "maxspeed": "50"
      },
      "geometry": {
        "type": "LineString",
        "coordinates": [
          [
            0.8466404,
            49.1184888
          ],
          [
            0.8467739,
            49.1182811
          ],
          [
            0.8469501,
            49.1183334
          ],
          [
            0.8471683,
            49.1183982
          ]
        ]
      },
      "id": "way/234171614"
    },
    {
      "type": "Feature",
      "properties": {
        "@id": "way/234171615",
        "highway": "unclassified",
        "maxspeed": "50",
        "name": "Rue Parissot"
      },
      "geometry": {
        "type": "LineString",
        "coordinates": [
          [
            0.8331283,
            49.1211927
          ],
          [
            0.8330777,
            49.121204
          ],
          [
            0.8327444,
            49.1212783
          ],
          [
            0.8322532,
            49.1213421
          ],
          [
            0.8315565,
            49.1214197
          ],
          [
            0.8307832,
            49.1215542
          ],
          [
            0.8301493,
            49.1216955
          ],
          [
            0.8297243,
            49.1217229
          ],
          [
            0.8290381,
            49.121716
          ],
          [
            0.8286121,
            49.1216867
          ],
          [
            0.8285367,
            49.1216815
          ],
          [
            0.8284831,
            49.1216778
          ],
          [
            0.8283762,
            49.1216704
          ],
          [
            0.8277666,
            49.1216271
          ],
          [
            0.8268435,
            49.1215998
          ],
          [
            0.8263558,
            49.121504
          ],
          [
            0.8259274,
            49.1214288
          ],
          [
            0.825593,
            49.1214083
          ],
          [
            0.8251471,
            49.1213877
          ],
          [
            0.8245967,
            49.1213513
          ],
          [
            0.8244834,
            49.1213469
          ],
          [
            0.8244363,
            49.1213451
          ],
          [
            0.8240255,
            49.1213285
          ],
          [
            0.8239801,
            49.1213332
          ],
          [
            0.8233253,
            49.1214014
          ],
          [
            0.8222385,
            49.1215154
          ],
          [
            0.8220399,
            49.1215792
          ],
          [
            0.8217961,
            49.1217137
          ],
          [
            0.8211621,
            49.122156
          ],
          [
            0.8205699,
            49.1225983
          ],
          [
            0.8202146,
            49.1227761
          ],
          [
            0.820143,
            49.1227989
          ],
          [
            0.819922,
            49.1228695
          ],
          [
            0.819504,
            49.1228992
          ],
          [
            0.8192309,
            49.1228992
          ],
          [
            0.8191899,
            49.1228992
          ],
          [
            0.8190331,
            49.1228992
          ],
          [
            0.8178633,
            49.1228946
          ],
          [
            0.8175255,
            49.1228399
          ],
          [
            0.8164421,
            49.1226402
          ],
          [
            0.8162632,
            49.1226072
          ],
          [
            0.8161774,
            49.1225914
          ],
          [
            0.815411,
            49.1224957
          ],
          [
            0.8148711,
            49.1224364
          ],
          [
            0.8127985,
            49.1221697
          ]
        ]
      },
      "id": "way/234171615"
    },
    {
      "type": "Feature",
      "properties": {
        "@id": "way/234171616",
        "highway": "residential",
        "lanes": "1",
        "maxspeed": "50",
        "name": "Chemin du Presbytère"
      },
      "geometry": {
        "type": "LineString",
        "coordinates": [
          [
            0.8457929,
            49.1191112
          ],
          [
            0.8457323,
            49.1190084
          ],
          [
            0.8457254,
            49.1189035
          ],
          [
            0.8457637,
            49.1186664
          ],
          [
            0.845896,
            49.1184133
          ]
        ]
      },
      "id": "way/234171616"
    },
    {
      "type": "Feature",
      "properties": {
        "@id": "way/234171617",
        "highway": "residential",
        "maxspeed": "50",
        "name": "Rue du Château"
      },
      "geometry": {
        "type": "LineString",
        "coordinates": [
          [
            0.8135574,
            49.1247981
          ],
          [
            0.8145203,
            49.1249131
          ],
          [
            0.8146651,
            49.1248376
          ],
          [
            0.814874,
            49.1241673
          ],
          [
            0.815926,
            49.1242904
          ],
          [
            0.8163614,
            49.1243109
          ],
          [
            0.8172497,
            49.1242904
          ],
          [
            0.818643,
            49.1242311
          ],
          [
            0.8189112,
            49.124165
          ],
          [
            0.8194964,
            49.1239211
          ]
        ]
      },
      "id": "way/234171617"
    },
    {
      "type": "Feature",
      "properties": {
        "@id": "way/234171618",
        "highway": "residential",
        "maxspeed": "80",
        "name": "Rue du Quesney"
      },
      "geometry": {
        "type": "LineString",
        "coordinates": [
          [
            0.8194964,
            49.1239211
          ],
          [
            0.8200224,
            49.1241354
          ],
          [
            0.8207261,
            49.1243382
          ],
          [
            0.8213078,
            49.1245457
          ],
          [
            0.8218059,
            49.1247691
          ],
          [
            0.8222657,
            49.1250198
          ],
          [
            0.8226385,
            49.125266
          ]
        ]
      },
      "id": "way/234171618"
    },
    {
      "type": "Feature",
      "properties": {
        "@id": "way/234171619",
        "highway": "residential",
        "maxspeed": "50",
        "name": "Chemin des Petites Forières"
      },
      "geometry": {
        "type": "LineString",
        "coordinates": [
          [
            0.8285367,
            49.1216815
          ],
          [
            0.8285358,
            49.1220973
          ],
          [
            0.8284278,
            49.1221543
          ],
          [
            0.827881,
            49.1221726
          ],
          [
            0.8272191,
            49.1221452
          ],
          [
            0.8267036,
            49.1221338
          ],
          [
            0.825993,
            49.1221999
          ],
          [
            0.8255784,
            49.1222182
          ],
          [
            0.8251853,
            49.1222121
          ],
          [
            0.8250531,
            49.1222262
          ],
          [
            0.8245334,
            49.1222022
          ],
          [
            0.8244599,
            49.1222121
          ],
          [
            0.8243906,
            49.1222227
          ],
          [
            0.8238681,
            49.1223276
          ],
          [
            0.8234327,
            49.1223869
          ],
          [
            0.8230321,
            49.1224165
          ],
          [
            0.8225305,
            49.12238
          ],
          [
            0.8220567,
            49.1223185
          ],
          [
            0.8217676,
            49.1223185
          ],
          [
            0.8214228,
            49.122323
          ],
          [
            0.8213426,
            49.1223094
          ],
          [
            0.8212312,
            49.1222159
          ],
          [
            0.8211621,
            49.122156
          ]
        ]
      },
      "id": "way/234171619"
    },
    {
      "type": "Feature",
      "properties": {
        "@id": "way/315814368",
        "cycleway:both": "no",
        "highway": "unclassified",
        "lane_markings": "no",
        "maxspeed": "50",
        "name": "Rue du Moulin",
        "surface": "asphalt"
      },
      "geometry": {
        "type": "LineString",
        "coordinates": [
          [
            0.8728892,
            49.1363867
          ],
          [
            0.8735419,
            49.1366368
          ],
          [
            0.8738001,
            49.1367553
          ],
          [
            0.8738569,
            49.1367847
          ],
          [
            0.874526,
            49.1371305
          ],
          [
            0.8747415,
            49.1372565
          ],
          [
            0.8750355,
            49.137438
          ],
          [
            0.8753107,
            49.1375921
          ],
          [
            0.8754084,
            49.1376034
          ]
        ]
      },
      "id": "way/315814368"
    },
    {
      "type": "Feature",
      "properties": {
        "@id": "way/315814369",
        "cycleway:both": "no",
        "highway": "residential",
        "maxspeed": "50",
        "name": "Rue de la Mairie",
        "surface": "asphalt"
      },
      "geometry": {
        "type": "LineString",
        "coordinates": [
          [
            0.8805829,
            49.1346853
          ],
          [
            0.8807289,
            49.1347061
          ],
          [
            0.8814063,
            49.1346026
          ],
          [
            0.8818038,
            49.1345734
          ],
          [
            0.8819557,
            49.1345806
          ],
          [
            0.8820317,
            49.1345405
          ]
        ]
      },
      "id": "way/315814369"
    },
    {
      "type": "Feature",
      "properties": {
        "@id": "way/315814465",
        "highway": "unclassified",
        "maxspeed": "50",
        "name": "Rue du Bougeot"
      },
      "geometry": {
        "type": "LineString",
        "coordinates": [
          [
            0.878126,
            49.126605
          ],
          [
            0.8790379,
            49.1270543
          ],
          [
            0.8795744,
            49.1272158
          ],
          [
            0.8802288,
            49.1273562
          ],
          [
            0.8803625,
            49.1275538
          ],
          [
            0.8805936,
            49.1279459
          ],
          [
            0.8807622,
            49.128116
          ],
          [
            0.8812099,
            49.1283357
          ],
          [
            0.881406,
            49.1285248
          ],
          [
            0.8815318,
            49.1287041
          ],
          [
            0.8819,
            49.1292228
          ],
          [
            0.8820992,
            49.1295919
          ],
          [
            0.8821216,
            49.1299509
          ],
          [
            0.8821319,
            49.1300282
          ],
          [
            0.8822526,
            49.1302265
          ],
          [
            0.8824816,
            49.1304755
          ],
          [
            0.8826688,
            49.1306596
          ],
          [
            0.8834105,
            49.131486
          ],
          [
            0.8836299,
            49.1318001
          ],
          [
            0.8836718,
            49.1319223
          ],
          [
            0.8837479,
            49.1321441
          ],
          [
            0.8837372,
            49.1323547
          ]
        ]
      },
      "id": "way/315814465"
    },
    {
      "type": "Feature",
      "properties": {
        "@id": "way/315814466",
        "highway": "unclassified",
        "maxspeed": "50"
      },
      "geometry": {
        "type": "LineString",
        "coordinates": [
          [
            0.881406,
            49.1285248
          ],
          [
            0.8815752,
            49.1283433
          ],
          [
            0.8814104,
            49.1283524
          ],
          [
            0.8812099,
            49.1283357
          ]
        ]
      },
      "id": "way/315814466"
    },
    {
      "type": "Feature",
      "properties": {
        "@id": "way/315814914",
        "highway": "track"
      },
      "geometry": {
        "type": "LineString",
        "coordinates": [
          [
            0.8815847,
            49.133281
          ],
          [
            0.8815442,
            49.1332279
          ],
          [
            0.8812522,
            49.1328829
          ]
        ]
      },
      "id": "way/315814914"
    },
    {
      "type": "Feature",
      "properties": {
        "@id": "way/315814916",
        "highway": "service",
        "maxspeed": "50"
      },
      "geometry": {
        "type": "LineString",
        "coordinates": [
          [
            0.8805829,
            49.1346853
          ],
          [
            0.880594,
            49.1353316
          ]
        ]
      },
      "id": "way/315814916"
    },
    {
      "type": "Feature",
      "properties": {
        "@id": "way/315845790",
        "highway": "unclassified",
        "maxspeed": "80",
        "surface": "asphalt"
      },
      "geometry": {
        "type": "LineString",
        "coordinates": [
          [
            0.8773898,
            49.1312911
          ],
          [
            0.8783212,
            49.1311081
          ],
          [
            0.8798214,
            49.1306021
          ],
          [
            0.8801355,
            49.1304731
          ],
          [
            0.8803708,
            49.1304193
          ]
        ]
      },
      "id": "way/315845790"
    },
    {
      "type": "Feature",
      "properties": {
        "@id": "way/316443223",
        "highway": "unclassified"
      },
      "geometry": {
        "type": "LineString",
        "coordinates": [
          [
            0.8406687,
            49.0909134
          ],
          [
            0.8412373,
            49.0907518
          ],
          [
            0.8418166,
            49.0906885
          ],
          [
            0.8423531,
            49.0907658
          ],
          [
            0.8429432,
            49.0909664
          ],
          [
            0.8436942,
            49.0911069
          ],
          [
            0.8452606,
            49.0913911
          ],
          [
            0.8466446,
            49.0915987
          ],
          [
            0.848844,
            49.0923856
          ],
          [
            0.8500886,
            49.0926698
          ],
          [
            0.8503332,
            49.0927614
          ]
        ]
      },
      "id": "way/316443223"
    },
    {
      "type": "Feature",
      "properties": {
        "@id": "way/316443229",
        "highway": "tertiary",
        "maxspeed": "50",
        "name": "Rue de Bray",
        "ref": "D 602"
      },
      "geometry": {
        "type": "LineString",
        "coordinates": [
          [
            0.836082,
            49.0932898
          ],
          [
            0.8360783,
            49.0932119
          ],
          [
            0.836003,
            49.0931294
          ],
          [
            0.8358809,
            49.0930843
          ],
          [
            0.8352935,
            49.0930843
          ],
          [
            0.8347276,
            49.0930791
          ],
          [
            0.8345747,
            49.093014
          ],
          [
            0.8344888,
            49.0928844
          ],
          [
            0.834521,
            49.0926557
          ],
          [
            0.8346712,
            49.0922202
          ],
          [
            0.8345385,
            49.0920216
          ],
          [
            0.83445,
            49.0917928
          ],
          [
            0.8344245,
            49.0914933
          ],
          [
            0.8345532,
            49.090822
          ],
          [
            0.8344478,
            49.0880313
          ],
          [
            0.8344459,
            49.0879803
          ],
          [
            0.8344062,
            49.0879047
          ]
        ]
      },
      "id": "way/316443229"
    },
    {
      "type": "Feature",
      "properties": {
        "@id": "way/316445231",
        "highway": "tertiary",
        "lane_markings": "no",
        "maxspeed": "90",
        "ref": "D 30",
        "sidewalk": "no",
        "surface": "asphalt"
      },
      "geometry": {
        "type": "LineString",
        "coordinates": [
          [
            0.8481017,
            49.1174189
          ],
          [
            0.8482652,
            49.1172533
          ],
          [
            0.8492442,
            49.1160578
          ],
          [
            0.8494829,
            49.1156593
          ],
          [
            0.8498803,
            49.1146644
          ],
          [
            0.8498926,
            49.1146336
          ]
        ]
      },
      "id": "way/316445231"
    },
    {
      "type": "Feature",
      "properties": {
        "@id": "way/316445232",
        "cycleway:both": "no",
        "highway": "tertiary",
        "maxspeed": "50",
        "name": "Rue de la Forge",
        "ref": "D 30",
        "surface": "asphalt"
      },
      "geometry": {
        "type": "LineString",
        "coordinates": [
          [
            0.8469107,
            49.1230624
          ],
          [
            0.8468898,
            49.122999
          ],
          [
            0.8468424,
            49.1228491
          ],
          [
            0.8469144,
            49.1221375
          ],
          [
            0.8469311,
            49.1219721
          ],
          [
            0.8469459,
            49.1214724
          ],
          [
            0.8468966,
            49.1211145
          ],
          [
            0.846739,
            49.1206476
          ],
          [
            0.8465683,
            49.12026
          ],
          [
            0.846537,
            49.1199796
          ],
          [
            0.8466055,
            49.1194852
          ]
        ]
      },
      "id": "way/316445232"
    },
    {
      "type": "Feature",
      "properties": {
        "@id": "way/316445233",
        "highway": "unclassified",
        "maxspeed": "50",
        "name": "Rue de Bray"
      },
      "geometry": {
        "type": "LineString",
        "coordinates": [
          [
            0.8463872,
            49.1155589
          ],
          [
            0.8467286,
            49.1160035
          ],
          [
            0.8470003,
            49.1163044
          ],
          [
            0.8474566,
            49.1167878
          ],
          [
            0.8479617,
            49.117319
          ],
          [
            0.8481017,
            49.1174189
          ]
        ]
      },
      "id": "way/316445233"
    },
    {
      "type": "Feature",
      "properties": {
        "@id": "way/316589698",
        "highway": "residential",
        "maxspeed": "50"
      },
      "geometry": {
        "type": "LineString",
        "coordinates": [
          [
            0.8359733,
            49.1049446
          ],
          [
            0.8359497,
            49.1051291
          ],
          [
            0.835761,
            49.1051583
          ],
          [
            0.8354832,
            49.1054547
          ]
        ]
      },
      "id": "way/316589698"
    },
    {
      "type": "Feature",
      "properties": {
        "@id": "way/316589699",
        "cycleway:both": "no",
        "highway": "unclassified",
        "lane_markings": "no",
        "maxspeed": "80",
        "oneway": "yes",
        "sidewalk": "no",
        "surface": "asphalt"
      },
      "geometry": {
        "type": "LineString",
        "coordinates": [
          [
            0.8299201,
            49.1052829
          ],
          [
            0.8299369,
            49.1052643
          ],
          [
            0.8299613,
            49.1052373
          ],
          [
            0.8302617,
            49.1052513
          ],
          [
            0.8312273,
            49.1052548
          ],
          [
            0.8324343,
            49.1052056
          ],
          [
            0.833416,
            49.1051286
          ],
          [
            0.834226,
            49.1050408
          ]
        ]
      },
      "id": "way/316589699"
    },
    {
      "type": "Feature",
      "properties": {
        "@id": "way/316589700",
        "highway": "residential",
        "maxspeed": "50",
        "name": "Rue des Écoles"
      },
      "geometry": {
        "type": "LineString",
        "coordinates": [
          [
            0.8394509,
            49.1052831
          ],
          [
            0.8396011,
            49.1053884
          ],
          [
            0.8396655,
            49.1055149
          ],
          [
            0.8396655,
            49.1057677
          ],
          [
            0.8395797,
            49.1062313
          ],
          [
            0.8396041,
            49.1063514
          ],
          [
            0.8396642,
            49.1063963
          ],
          [
            0.8398533,
            49.106442
          ],
          [
            0.8401468,
            49.1065085
          ],
          [
            0.8405506,
            49.1066
          ],
          [
            0.8414794,
            49.1068756
          ],
          [
            0.8416396,
            49.1069231
          ],
          [
            0.841912,
            49.1070101
          ],
          [
            0.8422887,
            49.1071303
          ]
        ]
      },
      "id": "way/316589700"
    },
    {
      "type": "Feature",
      "properties": {
        "@id": "way/316589701",
        "highway": "unclassified",
        "maxspeed": "80"
      },
      "geometry": {
        "type": "LineString",
        "coordinates": [
          [
            0.8482794,
            49.1062863
          ],
          [
            0.8489486,
            49.1062125
          ],
          [
            0.8501341,
            49.106007
          ],
          [
            0.851494,
            49.1057779
          ],
          [
            0.8532434,
            49.1055323
          ],
          [
            0.8536613,
            49.1054899
          ],
          [
            0.8543586,
            49.1055321
          ],
          [
            0.8570409,
            49.105799
          ],
          [
            0.8582103,
            49.1058482
          ],
          [
            0.8596158,
            49.1058411
          ],
          [
            0.8609891,
            49.1057709
          ],
          [
            0.8619332,
            49.1056515
          ],
          [
            0.8629789,
            49.1053465
          ],
          [
            0.8630168,
            49.1053354
          ],
          [
            0.8646261,
            49.1045909
          ],
          [
            0.8658814,
            49.1039236
          ],
          [
            0.8678448,
            49.1026874
          ],
          [
            0.8693254,
            49.1018234
          ],
          [
            0.8699444,
            49.1014983
          ],
          [
            0.8700061,
            49.1014659
          ],
          [
            0.8703553,
            49.1012825
          ],
          [
            0.8717286,
            49.1003131
          ],
          [
            0.8724689,
            49.0997301
          ],
          [
            0.8732307,
            49.099133
          ],
          [
            0.8743143,
            49.0984867
          ],
          [
            0.8750975,
            49.0981565
          ],
          [
            0.8766746,
            49.0978685
          ],
          [
            0.8791208,
            49.0972573
          ],
          [
            0.8803653,
            49.0970223
          ],
          [
            0.8829349,
            49.0967173
          ]
        ]
      },
      "id": "way/316589701"
    },
    {
      "type": "Feature",
      "properties": {
        "@id": "way/316589702",
        "highway": "residential",
        "maxspeed": "50",
        "name": "Rue des Prés"
      },
      "geometry": {
        "type": "LineString",
        "coordinates": [
          [
            0.8422887,
            49.1071303
          ],
          [
            0.8428573,
            49.1069899
          ],
          [
            0.843029,
            49.1068705
          ],
          [
            0.8433509,
            49.1064982
          ],
          [
            0.8435225,
            49.1063718
          ],
          [
            0.8438229,
            49.1063086
          ],
          [
            0.8439731,
            49.1062313
          ],
          [
            0.8440188,
            49.106087
          ],
          [
            0.8440375,
            49.1060276
          ],
          [
            0.844177,
            49.1056624
          ],
          [
            0.8442457,
            49.1055115
          ],
          [
            0.8444828,
            49.1051461
          ]
        ]
      },
      "id": "way/316589702"
    },
    {
      "type": "Feature",
      "properties": {
        "@id": "way/316589703",
        "highway": "service",
        "maxspeed": "50"
      },
      "geometry": {
        "type": "LineString",
        "coordinates": [
          [
            0.8421879,
            49.1080256
          ],
          [
            0.8416924,
            49.1079902
          ],
          [
            0.8415483,
            49.1080104
          ]
        ]
      },
      "id": "way/316589703"
    },
    {
      "type": "Feature",
      "properties": {
        "@id": "way/316589704",
        "highway": "service",
        "maxspeed": "50"
      },
      "geometry": {
        "type": "LineString",
        "coordinates": [
          [
            0.8422824,
            49.1083383
          ],
          [
            0.8421658,
            49.10839
          ],
          [
            0.8417061,
            49.1084169
          ]
        ]
      },
      "id": "way/316589704"
    },
    {
      "type": "Feature",
      "properties": {
        "@id": "way/316589705",
        "highway": "tertiary",
        "maxspeed": "80",
        "name": "Rue de Vétigny"
      },
      "geometry": {
        "type": "LineString",
        "coordinates": [
          [
            0.8383727,
            49.1032068
          ],
          [
            0.8378577,
            49.1019986
          ],
          [
            0.8374071,
            49.1013945
          ],
          [
            0.8366775,
            49.1004813
          ],
          [
            0.8364415,
            49.0992591
          ],
          [
            0.8364951,
            49.0976616
          ],
          [
            0.8363986,
            49.0965127
          ],
          [
            0.836302,
            49.0959826
          ],
          [
            0.8365166,
            49.0952552
          ],
          [
            0.8365917,
            49.0948656
          ],
          [
            0.8365266,
            49.0947194
          ],
          [
            0.8364415,
            49.0945284
          ],
          [
            0.8361625,
            49.0940749
          ],
          [
            0.8360231,
            49.0937556
          ],
          [
            0.836082,
            49.0932898
          ]
        ]
      },
      "id": "way/316589705"
    },
    {
      "type": "Feature",
      "properties": {
        "@id": "way/316590909",
        "highway": "track"
      },
      "geometry": {
        "type": "LineString",
        "coordinates": [
          [
            0.8444828,
            49.1051461
          ],
          [
            0.8444704,
            49.105035
          ],
          [
            0.8444155,
            49.1048327
          ],
          [
            0.8443102,
            49.1045868
          ],
          [
            0.844214,
            49.1043635
          ],
          [
            0.8440881,
            49.1040802
          ],
          [
            0.8440056,
            49.1038403
          ],
          [
            0.8439438,
            49.103653
          ],
          [
            0.843901,
            49.1034378
          ],
          [
            0.8438224,
            49.1030099
          ],
          [
            0.8438009,
            49.1026193
          ],
          [
            0.8437956,
            49.1023992
          ],
          [
            0.8438117,
            49.1021007
          ],
          [
            0.8438734,
            49.101774
          ],
          [
            0.8438841,
            49.1017442
          ],
          [
            0.8439619,
            49.1015686
          ],
          [
            0.8441389,
            49.1012437
          ],
          [
            0.8443427,
            49.1009276
          ],
          [
            0.8444554,
            49.100687
          ],
          [
            0.8445164,
            49.1005921
          ],
          [
            0.8447454,
            49.0999901
          ],
          [
            0.8449666,
            49.0995929
          ],
          [
            0.8452032,
            49.0991782
          ],
          [
            0.8453936,
            49.0987919
          ],
          [
            0.8455063,
            49.0983985
          ],
          [
            0.8454929,
            49.0981877
          ],
          [
            0.8455224,
            49.0979607
          ],
          [
            0.8455456,
            49.0975746
          ],
          [
            0.8455641,
            49.096997
          ],
          [
            0.8456124,
            49.0963314
          ],
          [
            0.845658,
            49.095815
          ],
          [
            0.8537683,
            49.0967999
          ],
          [
            0.8544986,
            49.0968641
          ]
        ]
      },
      "id": "way/316590909"
    },
    {
      "type": "Feature",
      "properties": {
        "@id": "way/316590910",
        "highway": "track"
      },
      "geometry": {
        "type": "LineString",
        "coordinates": [
          [
            0.845658,
            49.095815
          ],
          [
            0.8365266,
            49.0947194
          ]
        ]
      },
      "id": "way/316590910"
    },
    {
      "type": "Feature",
      "properties": {
        "@id": "way/316590911",
        "highway": "track",
        "surface": "unpaved",
        "tracktype": "grade5",
        "width": "2.5"
      },
      "geometry": {
        "type": "LineString",
        "coordinates": [
          [
            0.8495096,
            49.1024143
          ],
          [
            0.8499844,
            49.1018032
          ],
          [
            0.8506383,
            49.1009627
          ],
          [
            0.8510433,
            49.100471
          ],
          [
            0.8515173,
            49.0998594
          ],
          [
            0.8517104,
            49.0996021
          ],
          [
            0.852403,
            49.0987207
          ],
          [
            0.8528644,
            49.0980955
          ],
          [
            0.8538032,
            49.0974632
          ],
          [
            0.8545879,
            49.0969664
          ]
        ]
      },
      "id": "way/316590911"
    },
    {
      "type": "Feature",
      "properties": {
        "@id": "way/316590912",
        "highway": "track",
        "name": "Circuit"
      },
      "geometry": {
        "type": "LineString",
        "coordinates": [
          [
            0.8555614,
            49.0963364
          ],
          [
            0.8555375,
            49.0962571
          ],
          [
            0.8555421,
            49.0962027
          ],
          [
            0.8555097,
            49.0961724
          ],
          [
            0.8555513,
            49.0959363
          ],
          [
            0.8556576,
            49.0956519
          ],
          [
            0.8557223,
            49.0955157
          ],
          [
            0.8557269,
            49.095325
          ],
          [
            0.8557963,
            49.0951707
          ],
          [
            0.8557824,
            49.095095
          ],
          [
            0.8558564,
            49.0950648
          ],
          [
            0.8559765,
            49.0950739
          ],
          [
            0.8560366,
            49.0951283
          ],
          [
            0.856069,
            49.0952464
          ],
          [
            0.8559211,
            49.0954794
          ],
          [
            0.8558795,
            49.095776
          ],
          [
            0.855824,
            49.0959363
          ],
          [
            0.8557085,
            49.0961028
          ],
          [
            0.8556299,
            49.0961784
          ],
          [
            0.8555421,
            49.0962027
          ]
        ]
      },
      "id": "way/316590912"
    },
    {
      "type": "Feature",
      "properties": {
        "@id": "way/316593384",
        "highway": "unclassified",
        "maxspeed": "50"
      },
      "geometry": {
        "type": "LineString",
        "coordinates": [
          [
            0.8244599,
            49.1222121
          ],
          [
            0.8244045,
            49.1220609
          ],
          [
            0.8244045,
            49.1217007
          ],
          [
            0.8244363,
            49.1213451
          ]
        ]
      },
      "id": "way/316593384"
    },
    {
      "type": "Feature",
      "properties": {
        "@id": "way/316594482",
        "highway": "track",
        "maxspeed": "50"
      },
      "geometry": {
        "type": "LineString",
        "coordinates": [
          [
            0.8240253,
            49.1207119
          ],
          [
            0.8237024,
            49.1207169
          ],
          [
            0.8233425,
            49.1207344
          ],
          [
            0.8228755,
            49.1207795
          ],
          [
            0.8224543,
            49.1208321
          ],
          [
            0.8219643,
            49.1209123
          ],
          [
            0.8215508,
            49.1210376
          ],
          [
            0.8209536,
            49.1211729
          ],
          [
            0.8206282,
            49.1212155
          ],
          [
            0.8203793,
            49.1212455
          ],
          [
            0.8199314,
            49.1212205
          ],
          [
            0.8197132,
            49.1212606
          ],
          [
            0.8193954,
            49.1213357
          ],
          [
            0.8188212,
            49.1215337
          ],
          [
            0.8183273,
            49.1217066
          ],
          [
            0.8178372,
            49.1218494
          ]
        ]
      },
      "id": "way/316594482"
    },
    {
      "type": "Feature",
      "properties": {
        "@id": "way/316594483",
        "highway": "residential",
        "maxspeed": "50",
        "name": "Impasse du Buisson"
      },
      "geometry": {
        "type": "LineString",
        "coordinates": [
          [
            0.8178372,
            49.1218494
          ],
          [
            0.8175948,
            49.1219268
          ],
          [
            0.8172942,
            49.1220227
          ],
          [
            0.8170197,
            49.1221014
          ],
          [
            0.8167515,
            49.1221567
          ],
          [
            0.8163599,
            49.1222533
          ],
          [
            0.8163599,
            49.1223858
          ],
          [
            0.8162928,
            49.1225596
          ],
          [
            0.8162632,
            49.1226072
          ]
        ]
      },
      "id": "way/316594483"
    },
    {
      "type": "Feature",
      "properties": {
        "@id": "way/316599192",
        "highway": "path"
      },
      "geometry": {
        "type": "LineString",
        "coordinates": [
          [
            0.8199314,
            49.1212205
          ],
          [
            0.8199137,
            49.1215495
          ],
          [
            0.8198951,
            49.1219145
          ],
          [
            0.8199323,
            49.1221052
          ],
          [
            0.820078,
            49.1226081
          ],
          [
            0.820143,
            49.1227989
          ]
        ]
      },
      "id": "way/316599192"
    },
    {
      "type": "Feature",
      "properties": {
        "@id": "way/316599193",
        "highway": "track"
      },
      "geometry": {
        "type": "LineString",
        "coordinates": [
          [
            0.8243817,
            49.1206485
          ],
          [
            0.8246271,
            49.1205374
          ],
          [
            0.8249556,
            49.1203164
          ],
          [
            0.8249677,
            49.1203037
          ],
          [
            0.8250548,
            49.1202129
          ],
          [
            0.8252841,
            49.1201115
          ],
          [
            0.8253957,
            49.1200912
          ],
          [
            0.8256963,
            49.1200973
          ],
          [
            0.8259039,
            49.120004
          ],
          [
            0.8261115,
            49.1196795
          ],
          [
            0.8262479,
            49.1192536
          ],
          [
            0.8263439,
            49.1188338
          ],
          [
            0.8264679,
            49.1184058
          ],
          [
            0.8266369,
            49.1178809
          ],
          [
            0.8266851,
            49.1176246
          ],
          [
            0.8270016,
            49.1167662
          ],
          [
            0.8270539,
            49.1166108
          ]
        ]
      },
      "id": "way/316599193"
    },
    {
      "type": "Feature",
      "properties": {
        "@id": "way/316599194",
        "highway": "track"
      },
      "geometry": {
        "type": "LineString",
        "coordinates": [
          [
            0.8253172,
            49.120709
          ],
          [
            0.8251485,
            49.1205648
          ],
          [
            0.8249677,
            49.1203037
          ],
          [
            0.8247059,
            49.1198994
          ],
          [
            0.8244429,
            49.1194663
          ],
          [
            0.8238557,
            49.1188066
          ],
          [
            0.8238206,
            49.1187807
          ],
          [
            0.8232816,
            49.1181497
          ],
          [
            0.8231545,
            49.1180665
          ],
          [
            0.822931,
            49.1180092
          ],
          [
            0.8229047,
            49.1179489
          ],
          [
            0.822966,
            49.1178514
          ],
          [
            0.8230537,
            49.1176277
          ],
          [
            0.8231063,
            49.1172404
          ],
          [
            0.8236365,
            49.1159066
          ],
          [
            0.8237899,
            49.1154419
          ],
          [
            0.823975,
            49.1149187
          ],
          [
            0.8244577,
            49.1135181
          ],
          [
            0.8246319,
            49.1130034
          ],
          [
            0.8246775,
            49.1128507
          ]
        ]
      },
      "id": "way/316599194"
    },
    {
      "type": "Feature",
      "properties": {
        "@id": "way/318698186",
        "highway": "unclassified",
        "maxspeed": "50",
        "name": "Chemin des Deux Mares"
      },
      "geometry": {
        "type": "LineString",
        "coordinates": [
          [
            0.8253485,
            49.1235563
          ],
          [
            0.8252127,
            49.1231141
          ],
          [
            0.8251291,
            49.122763
          ],
          [
            0.825049,
            49.122266
          ],
          [
            0.8250531,
            49.1222262
          ]
        ]
      },
      "id": "way/318698186"
    },
    {
      "type": "Feature",
      "properties": {
        "@id": "way/343998767",
        "highway": "tertiary",
        "maxspeed": "90",
        "ref": "D 24"
      },
      "geometry": {
        "type": "LineString",
        "coordinates": [
          [
            0.8082526,
            49.1296617
          ],
          [
            0.809241,
            49.1297721
          ],
          [
            0.810313,
            49.1299045
          ],
          [
            0.8117008,
            49.130076
          ],
          [
            0.8122991,
            49.130194
          ],
          [
            0.8126033,
            49.1302754
          ],
          [
            0.8128133,
            49.1303628
          ],
          [
            0.8131498,
            49.1305427
          ],
          [
            0.8131824,
            49.1305682
          ],
          [
            0.8133041,
            49.1306636
          ],
          [
            0.8133844,
            49.1307059
          ],
          [
            0.8136577,
            49.130833
          ],
          [
            0.8138479,
            49.130857
          ],
          [
            0.8143309,
            49.130849
          ],
          [
            0.8146256,
            49.130878
          ],
          [
            0.8150454,
            49.1309754
          ],
          [
            0.8159866,
            49.1312281
          ],
          [
            0.8167791,
            49.1314427
          ],
          [
            0.8200985,
            49.1323055
          ],
          [
            0.8207444,
            49.1324548
          ],
          [
            0.8213257,
            49.1325617
          ],
          [
            0.8223724,
            49.1327437
          ],
          [
            0.8227784,
            49.1327982
          ],
          [
            0.8236375,
            49.1329857
          ],
          [
            0.8241995,
            49.1331426
          ],
          [
            0.8256565,
            49.1336081
          ],
          [
            0.8259739,
            49.1336869
          ],
          [
            0.8263641,
            49.1337838
          ],
          [
            0.8285722,
            49.1341743
          ],
          [
            0.8297374,
            49.1343614
          ],
          [
            0.8306165,
            49.1344635
          ],
          [
            0.8321347,
            49.1345801
          ],
          [
            0.8330084,
            49.1347092
          ],
          [
            0.8341771,
            49.134976
          ],
          [
            0.8364251,
            49.1355247
          ],
          [
            0.8380557,
            49.1359319
          ],
          [
            0.8394185,
            49.1363602
          ],
          [
            0.8398896,
            49.1364586
          ],
          [
            0.8404665,
            49.1365375
          ],
          [
            0.8436488,
            49.1368644
          ],
          [
            0.8441117,
            49.1369057
          ],
          [
            0.8451025,
            49.1370218
          ],
          [
            0.8457387,
            49.1371341
          ],
          [
            0.8471007,
            49.1374733
          ],
          [
            0.8479734,
            49.1376673
          ],
          [
            0.8489068,
            49.1378178
          ],
          [
            0.8495374,
            49.1378837
          ],
          [
            0.8501917,
            49.1379183
          ],
          [
            0.8521989,
            49.1379837
          ],
          [
            0.8527936,
            49.1379763
          ],
          [
            0.8536891,
            49.13793
          ],
          [
            0.8545915,
            49.1378917
          ],
          [
            0.8558158,
            49.1378659
          ],
          [
            0.8578472,
            49.1379267
          ],
          [
            0.8587116,
            49.1380005
          ],
          [
            0.8596204,
            49.1381874
          ],
          [
            0.8616857,
            49.1386657
          ],
          [
            0.8631454,
            49.1389442
          ],
          [
            0.8650155,
            49.1392363
          ],
          [
            0.8656662,
            49.1392533
          ],
          [
            0.8669299,
            49.1391639
          ],
          [
            0.869474,
            49.138827
          ],
          [
            0.8702707,
            49.1388219
          ]
        ]
      },
      "id": "way/343998767"
    },
    {
      "type": "Feature",
      "properties": {
        "@id": "way/343998774",
        "cycleway:both": "no",
        "highway": "tertiary",
        "lane_markings": "no",
        "maxspeed": "50",
        "name": "Route de Nassandres",
        "ref": "D 24",
        "surface": "asphalt"
      },
      "geometry": {
        "type": "LineString",
        "coordinates": [
          [
            0.8727894,
            49.1394508
          ],
          [
            0.8730751,
            49.1395343
          ],
          [
            0.8738566,
            49.1397636
          ],
          [
            0.8755975,
            49.1402669
          ],
          [
            0.8774344,
            49.1408481
          ]
        ]
      },
      "id": "way/343998774"
    },
    {
      "type": "Feature",
      "properties": {
        "@id": "way/343998777",
        "highway": "tertiary",
        "maxspeed": "50",
        "name": "Route de Neubourg",
        "ref": "D 24"
      },
      "geometry": {
        "type": "LineString",
        "coordinates": [
          [
            0.801364,
            49.1294812
          ],
          [
            0.8019054,
            49.1295084
          ],
          [
            0.8025747,
            49.1295233
          ],
          [
            0.8031712,
            49.129535
          ],
          [
            0.8036447,
            49.1295442
          ],
          [
            0.8045231,
            49.1295222
          ],
          [
            0.8056486,
            49.1295025
          ],
          [
            0.8061741,
            49.1295072
          ],
          [
            0.8067516,
            49.1295322
          ],
          [
            0.8075652,
            49.1295949
          ]
        ]
      },
      "id": "way/343998777"
    },
    {
      "type": "Feature",
      "properties": {
        "@id": "way/414205278",
        "highway": "service",
        "maxspeed": "50"
      },
      "geometry": {
        "type": "LineString",
        "coordinates": [
          [
            0.8422248,
            49.1082913
          ],
          [
            0.8418636,
            49.1082814
          ],
          [
            0.8418674,
            49.1081296
          ],
          [
            0.8421492,
            49.1081209
          ]
        ]
      },
      "id": "way/414205278"
    },
    {
      "type": "Feature",
      "properties": {
        "@id": "way/474368641",
        "highway": "unclassified",
        "name": "Chemin de Pierrelaye"
      },
      "geometry": {
        "type": "LineString",
        "coordinates": [
          [
            0.8344888,
            49.0928844
          ],
          [
            0.8342085,
            49.0930279
          ],
          [
            0.8337532,
            49.0930814
          ],
          [
            0.8331746,
            49.0930634
          ]
        ]
      },
      "id": "way/474368641"
    },
    {
      "type": "Feature",
      "properties": {
        "@id": "way/474368655",
        "highway": "unclassified",
        "maxspeed": "80",
        "sidewalk": "no"
      },
      "geometry": {
        "type": "LineString",
        "coordinates": [
          [
            0.8498926,
            49.1146336
          ],
          [
            0.8499036,
            49.1146044
          ],
          [
            0.8502006,
            49.1138127
          ],
          [
            0.8504739,
            49.1132252
          ],
          [
            0.8509689,
            49.1123411
          ],
          [
            0.8514409,
            49.1112982
          ],
          [
            0.8518594,
            49.1099922
          ],
          [
            0.8525031,
            49.1078501
          ],
          [
            0.852943,
            49.1066561
          ],
          [
            0.8532434,
            49.1055323
          ],
          [
            0.8535652,
            49.104243
          ],
          [
            0.853812,
            49.1035477
          ],
          [
            0.8541553,
            49.1028702
          ],
          [
            0.8546059,
            49.1019922
          ],
          [
            0.8549171,
            49.101669
          ],
          [
            0.8556037,
            49.1009525
          ],
          [
            0.8557861,
            49.1006997
          ],
          [
            0.8557861,
            49.1001728
          ],
          [
            0.8556681,
            49.099098
          ],
          [
            0.8555823,
            49.0986625
          ],
          [
            0.8553033,
            49.0981427
          ],
          [
            0.8546703,
            49.0970608
          ],
          [
            0.8546204,
            49.0970037
          ],
          [
            0.8545879,
            49.0969664
          ],
          [
            0.8544986,
            49.0968641
          ],
          [
            0.8543699,
            49.0967166
          ],
          [
            0.8538335,
            49.0963123
          ],
          [
            0.852546,
            49.0954029
          ],
          [
            0.8513336,
            49.0945349
          ],
          [
            0.8510762,
            49.0942648
          ],
          [
            0.8507972,
            49.0936676
          ],
          [
            0.8503573,
            49.0928175
          ],
          [
            0.8503332,
            49.0927614
          ],
          [
            0.8501642,
            49.0923679
          ],
          [
            0.8500998,
            49.0920588
          ],
          [
            0.8500569,
            49.0904288
          ],
          [
            0.850014,
            49.0900525
          ],
          [
            0.8499067,
            49.0898245
          ],
          [
            0.849617,
            49.0895084
          ],
          [
            0.8494454,
            49.0892765
          ],
          [
            0.8493595,
            49.0890095
          ],
          [
            0.8490806,
            49.0875129
          ],
          [
            0.8490162,
            49.0871507
          ],
          [
            0.8488446,
            49.0869508
          ],
          [
            0.8486192,
            49.0867119
          ],
          [
            0.8484261,
            49.086441
          ],
          [
            0.8483832,
            49.086206
          ],
          [
            0.848371,
            49.0861251
          ],
          [
            0.8483704,
            49.0860848
          ]
        ]
      },
      "id": "way/474368655"
    },
    {
      "type": "Feature",
      "properties": {
        "@id": "way/483479199",
        "highway": "unclassified",
        "maxspeed": "50",
        "name": "Chemin de la Grande Rangée"
      },
      "geometry": {
        "type": "LineString",
        "coordinates": [
          [
            0.8463271,
            49.1322208
          ],
          [
            0.8468784,
            49.1321302
          ],
          [
            0.8475597,
            49.1319688
          ],
          [
            0.8482625,
            49.1316844
          ]
        ]
      },
      "id": "way/483479199"
    },
    {
      "type": "Feature",
      "properties": {
        "@id": "way/483479200",
        "highway": "unclassified",
        "maxspeed": "50",
        "name": "Chemin de la Mare Plate"
      },
      "geometry": {
        "type": "LineString",
        "coordinates": [
          [
            0.8482625,
            49.1316844
          ],
          [
            0.8483751,
            49.131716
          ],
          [
            0.8482772,
            49.1323136
          ],
          [
            0.8479688,
            49.1332227
          ],
          [
            0.8478051,
            49.1337229
          ],
          [
            0.8476898,
            49.1339177
          ],
          [
            0.8475798,
            49.1341318
          ],
          [
            0.8475771,
            49.1343301
          ],
          [
            0.8474732,
            49.1345253
          ],
          [
            0.8474341,
            49.134571
          ],
          [
            0.8472519,
            49.1347842
          ],
          [
            0.8470105,
            49.1348903
          ],
          [
            0.8466632,
            49.1348789
          ],
          [
            0.8452589,
            49.1348028
          ]
        ]
      },
      "id": "way/483479200"
    },
    {
      "type": "Feature",
      "properties": {
        "@id": "way/483479201",
        "highway": "unclassified",
        "maxspeed": "50",
        "name": "Chemin des Hautes Friches"
      },
      "geometry": {
        "type": "LineString",
        "coordinates": [
          [
            0.8414373,
            49.113614
          ],
          [
            0.8413642,
            49.113858
          ],
          [
            0.8410402,
            49.1147654
          ],
          [
            0.8407302,
            49.115625
          ],
          [
            0.8404306,
            49.1162702
          ],
          [
            0.84003,
            49.1169679
          ],
          [
            0.8398245,
            49.1172552
          ],
          [
            0.8397479,
            49.1173874
          ]
        ]
      },
      "id": "way/483479201"
    },
    {
      "type": "Feature",
      "properties": {
        "@id": "way/483479202",
        "highway": "unclassified",
        "maxspeed": "50",
        "name": "Chemin du Buisson Saint-Martin"
      },
      "geometry": {
        "type": "LineString",
        "coordinates": [
          [
            0.8453764,
            49.132988
          ],
          [
            0.8459776,
            49.1330824
          ]
        ]
      },
      "id": "way/483479202"
    },
    {
      "type": "Feature",
      "properties": {
        "@id": "way/483479203",
        "cycleway:both": "no",
        "highway": "secondary",
        "lanes": "2",
        "maxspeed": "90",
        "ref": "D 133",
        "shoulder": "no",
        "sidewalk": "no",
        "surface": "asphalt"
      },
      "geometry": {
        "type": "LineString",
        "coordinates": [
          [
            0.8588935,
            49.1188468
          ],
          [
            0.8584384,
            49.1186419
          ],
          [
            0.8579421,
            49.1184103
          ],
          [
            0.857061,
            49.1179906
          ],
          [
            0.8562922,
            49.1176361
          ],
          [
            0.8552224,
            49.1171354
          ],
          [
            0.8527342,
            49.1159638
          ],
          [
            0.8514018,
            49.1153428
          ]
        ]
      },
      "id": "way/483479203"
    },
    {
      "type": "Feature",
      "properties": {
        "@id": "way/483479204",
        "highway": "tertiary",
        "maxspeed": "50",
        "name": "Rue Dupont de l'Eure",
        "ref": "D 30"
      },
      "geometry": {
        "type": "LineString",
        "coordinates": [
          [
            0.8457662,
            49.1336037
          ],
          [
            0.8459776,
            49.1330824
          ],
          [
            0.8463271,
            49.1322208
          ],
          [
            0.8465486,
            49.1316747
          ],
          [
            0.8466344,
            49.1313939
          ],
          [
            0.8464198,
            49.1307481
          ],
          [
            0.8462705,
            49.1303328
          ]
        ]
      },
      "id": "way/483479204"
    },
    {
      "type": "Feature",
      "properties": {
        "@id": "way/483479205",
        "highway": "unclassified",
        "maxspeed": "50",
        "name": "Rue Saint-Philippe"
      },
      "geometry": {
        "type": "LineString",
        "coordinates": [
          [
            0.8454851,
            49.1342966
          ],
          [
            0.84588,
            49.1344674
          ],
          [
            0.8463118,
            49.1345499
          ],
          [
            0.8472184,
            49.1345867
          ],
          [
            0.8474341,
            49.134571
          ]
        ]
      },
      "id": "way/483479205"
    },
    {
      "type": "Feature",
      "properties": {
        "@id": "way/483479206",
        "cycleway:both": "no",
        "highway": "secondary",
        "lane_markings": "no",
        "maxspeed": "50",
        "name": "Rue de Beaumont",
        "ref": "D 133",
        "sidewalk": "no",
        "surface": "asphalt"
      },
      "geometry": {
        "type": "LineString",
        "coordinates": [
          [
            0.846463,
            49.113028
          ],
          [
            0.8452956,
            49.1124815
          ],
          [
            0.8443667,
            49.1120495
          ],
          [
            0.8438041,
            49.1117874
          ],
          [
            0.8435829,
            49.1116843
          ],
          [
            0.8423806,
            49.1111169
          ]
        ]
      },
      "id": "way/483479206"
    },
    {
      "type": "Feature",
      "properties": {
        "@id": "way/483479207",
        "highway": "residential",
        "maxspeed": "50",
        "name": "Rue du Temple"
      },
      "geometry": {
        "type": "LineString",
        "coordinates": [
          [
            0.8240255,
            49.1213285
          ],
          [
            0.82399,
            49.12075
          ],
          [
            0.8240253,
            49.1207119
          ],
          [
            0.8240492,
            49.1206862
          ]
        ]
      },
      "id": "way/483479207"
    },
    {
      "type": "Feature",
      "properties": {
        "@id": "way/483479208",
        "highway": "track"
      },
      "geometry": {
        "type": "LineString",
        "coordinates": [
          [
            0.8414794,
            49.1068756
          ],
          [
            0.8412552,
            49.1079556
          ]
        ]
      },
      "id": "way/483479208"
    },
    {
      "type": "Feature",
      "properties": {
        "@id": "way/483479209",
        "highway": "track",
        "maxspeed": "80"
      },
      "geometry": {
        "type": "LineString",
        "coordinates": [
          [
            0.8555149,
            49.1252035
          ],
          [
            0.8538414,
            49.1288478
          ],
          [
            0.849362,
            49.1311254
          ]
        ]
      },
      "id": "way/483479209"
    },
    {
      "type": "Feature",
      "properties": {
        "@id": "way/483479210",
        "highway": "track",
        "maxspeed": "80"
      },
      "geometry": {
        "type": "LineString",
        "coordinates": [
          [
            0.8122991,
            49.130194
          ],
          [
            0.8134313,
            49.1249842
          ],
          [
            0.8135574,
            49.1247981
          ],
          [
            0.8118893,
            49.1245816
          ]
        ]
      },
      "id": "way/483479210"
    },
    {
      "type": "Feature",
      "properties": {
        "@id": "way/483479211",
        "highway": "track"
      },
      "geometry": {
        "type": "LineString",
        "coordinates": [
          [
            0.8136577,
            49.130833
          ],
          [
            0.8120714,
            49.1356875
          ],
          [
            0.8102583,
            49.1387199
          ]
        ]
      },
      "id": "way/483479211"
    },
    {
      "type": "Feature",
      "properties": {
        "@id": "way/483479212",
        "highway": "path"
      },
      "geometry": {
        "type": "LineString",
        "coordinates": [
          [
            0.823629,
            49.1302589
          ],
          [
            0.8251525,
            49.1284687
          ],
          [
            0.8256943,
            49.1280159
          ],
          [
            0.8258211,
            49.127791
          ]
        ]
      },
      "id": "way/483479212"
    },
    {
      "type": "Feature",
      "properties": {
        "@id": "way/483479213",
        "highway": "track"
      },
      "geometry": {
        "type": "LineString",
        "coordinates": [
          [
            0.8412029,
            49.1304274
          ],
          [
            0.8421229,
            49.1309223
          ],
          [
            0.8440004,
            49.1325369
          ],
          [
            0.8445932,
            49.1327984
          ],
          [
            0.8453764,
            49.132988
          ]
        ]
      },
      "id": "way/483479213"
    },
    {
      "type": "Feature",
      "properties": {
        "@id": "way/483479214",
        "highway": "path"
      },
      "geometry": {
        "type": "LineString",
        "coordinates": [
          [
            0.8438383,
            49.1080698
          ],
          [
            0.8436504,
            49.108068
          ],
          [
            0.8432803,
            49.1079161
          ],
          [
            0.8429531,
            49.1078775
          ],
          [
            0.8429029,
            49.1078362
          ]
        ]
      },
      "id": "way/483479214"
    },
    {
      "type": "Feature",
      "properties": {
        "@id": "way/483479215",
        "highway": "track"
      },
      "geometry": {
        "type": "LineString",
        "coordinates": [
          [
            0.8412889,
            49.1243301
          ],
          [
            0.8412029,
            49.1304274
          ],
          [
            0.823629,
            49.1302589
          ],
          [
            0.8231355,
            49.1314453
          ],
          [
            0.8227784,
            49.1327982
          ]
        ]
      },
      "id": "way/483479215"
    },
    {
      "type": "Feature",
      "properties": {
        "@id": "way/483479216",
        "highway": "unclassified",
        "maxspeed": "50"
      },
      "geometry": {
        "type": "LineString",
        "coordinates": [
          [
            0.8456627,
            49.1140084
          ],
          [
            0.8457254,
            49.1142501
          ],
          [
            0.8458647,
            49.1144713
          ],
          [
            0.846004,
            49.11477
          ],
          [
            0.8461364,
            49.1151279
          ],
          [
            0.8463872,
            49.1155589
          ]
        ]
      },
      "id": "way/483479216"
    },
    {
      "type": "Feature",
      "properties": {
        "@id": "way/483479217",
        "highway": "track"
      },
      "geometry": {
        "type": "LineString",
        "coordinates": [
          [
            0.8330777,
            49.121204
          ],
          [
            0.8329444,
            49.1227294
          ],
          [
            0.8324455,
            49.1230738
          ],
          [
            0.8313989,
            49.1237569
          ],
          [
            0.830503,
            49.1244791
          ],
          [
            0.8286904,
            49.1253128
          ],
          [
            0.8281234,
            49.1254877
          ],
          [
            0.8275531,
            49.1257341
          ],
          [
            0.8266234,
            49.1263579
          ]
        ]
      },
      "id": "way/483479217"
    },
    {
      "type": "Feature",
      "properties": {
        "@id": "way/483479218",
        "highway": "path"
      },
      "geometry": {
        "type": "LineString",
        "coordinates": [
          [
            0.8163599,
            49.1222533
          ],
          [
            0.8161578,
            49.1215999
          ],
          [
            0.8160948,
            49.1207055
          ],
          [
            0.8161752,
            49.1198067
          ],
          [
            0.8173232,
            49.1161904
          ],
          [
            0.8170711,
            49.1159165
          ],
          [
            0.8154725,
            49.1153196
          ],
          [
            0.8128707,
            49.1147508
          ]
        ]
      },
      "id": "way/483479218"
    },
    {
      "type": "Feature",
      "properties": {
        "@id": "way/484707572",
        "highway": "path"
      },
      "geometry": {
        "type": "LineString",
        "coordinates": [
          [
            0.8867366,
            49.1340011
          ],
          [
            0.8864369,
            49.1340991
          ]
        ]
      },
      "id": "way/484707572"
    },
    {
      "type": "Feature",
      "properties": {
        "@id": "way/484707576",
        "highway": "track"
      },
      "geometry": {
        "type": "LineString",
        "coordinates": [
          [
            0.8904288,
            49.1324576
          ],
          [
            0.8877254,
            49.1339707
          ],
          [
            0.8871246,
            49.1340409
          ],
          [
            0.8867366,
            49.1340011
          ],
          [
            0.8865774,
            49.1339847
          ],
          [
            0.8862048,
            49.1339061
          ]
        ]
      },
      "id": "way/484707576"
    },
    {
      "type": "Feature",
      "properties": {
        "@id": "way/484707577",
        "highway": "track"
      },
      "geometry": {
        "type": "LineString",
        "coordinates": [
          [
            0.8853216,
            49.1270694
          ],
          [
            0.8870548,
            49.128179
          ],
          [
            0.8876878,
            49.1287231
          ],
          [
            0.8903808,
            49.1304852
          ],
          [
            0.8904288,
            49.1324576
          ],
          [
            0.8904666,
            49.1340093
          ]
        ]
      },
      "id": "way/484707577"
    },
    {
      "type": "Feature",
      "properties": {
        "@id": "way/545936301",
        "highway": "track"
      },
      "geometry": {
        "type": "LineString",
        "coordinates": [
          [
            0.8867852,
            49.0900413
          ],
          [
            0.8868161,
            49.0899485
          ],
          [
            0.8868617,
            49.0898835
          ],
          [
            0.8872882,
            49.0894558
          ],
          [
            0.8886011,
            49.088261
          ]
        ]
      },
      "id": "way/545936301"
    },
    {
      "type": "Feature",
      "properties": {
        "@id": "way/546125554",
        "highway": "primary",
        "lanes": "3",
        "lanes:backward": "1",
        "lanes:forward": "2",
        "maxspeed": "90",
        "old_ref": "N 13",
        "ref": "D 613"
      },
      "geometry": {
        "type": "LineString",
        "coordinates": [
          [
            0.8650314,
            49.1190016
          ],
          [
            0.8677457,
            49.1183812
          ],
          [
            0.870388,
            49.1177972
          ]
        ]
      },
      "id": "way/546125554"
    },
    {
      "type": "Feature",
      "properties": {
        "@id": "way/547634393",
        "highway": "primary",
        "lanes": "2",
        "maxspeed": "70",
        "name": "Route Nationale 13",
        "old_ref": "N 13",
        "ref": "D 613"
      },
      "geometry": {
        "type": "LineString",
        "coordinates": [
          [
            0.8521031,
            49.1218984
          ],
          [
            0.8514244,
            49.1220561
          ],
          [
            0.8480911,
            49.1228014
          ],
          [
            0.8476785,
            49.1228937
          ],
          [
            0.8474887,
            49.1229361
          ],
          [
            0.8469107,
            49.1230624
          ],
          [
            0.846727,
            49.1231079
          ],
          [
            0.8449351,
            49.1235063
          ]
        ]
      },
      "id": "way/547634393"
    },
    {
      "type": "Feature",
      "properties": {
        "@id": "way/547634396",
        "highway": "primary",
        "lanes:backward": "1",
        "lanes:forward": "2",
        "maxspeed": "90",
        "name": "Route Nationale 13",
        "old_ref": "N 13",
        "ref": "D 613",
        "surface": "asphalt"
      },
      "geometry": {
        "type": "LineString",
        "coordinates": [
          [
            0.83058,
            49.1267215
          ],
          [
            0.8412889,
            49.1243301
          ],
          [
            0.8449351,
            49.1235063
          ]
        ]
      },
      "id": "way/547634396"
    },
    {
      "type": "Feature",
      "properties": {
        "@id": "way/562003796",
        "cycleway:both": "no",
        "highway": "secondary",
        "lanes": "2",
        "maxspeed": "70",
        "ref": "D 133",
        "shoulder": "no",
        "sidewalk": "no",
        "surface": "asphalt"
      },
      "geometry": {
        "type": "LineString",
        "coordinates": [
          [
            0.8514018,
            49.1153428
          ],
          [
            0.8498926,
            49.1146336
          ]
        ]
      },
      "id": "way/562003796"
    },
    {
      "type": "Feature",
      "properties": {
        "@id": "way/562003798",
        "highway": "unclassified",
        "maxspeed": "80",
        "name": "Rue Parissot"
      },
      "geometry": {
        "type": "LineString",
        "coordinates": [
          [
            0.8127985,
            49.1221697
          ],
          [
            0.8118406,
            49.1220329
          ],
          [
            0.8112972,
            49.1218984
          ],
          [
            0.8106283,
            49.1216294
          ],
          [
            0.8095764,
            49.121178
          ],
          [
            0.8089842,
            49.1209318
          ],
          [
            0.8084652,
            49.1208178
          ],
          [
            0.8080193,
            49.1207859
          ],
          [
            0.8069952,
            49.1207585
          ],
          [
            0.8063995,
            49.1207175
          ],
          [
            0.8058058,
            49.1205683
          ]
        ]
      },
      "id": "way/562003798"
    },
    {
      "type": "Feature",
      "properties": {
        "@id": "way/562034517",
        "highway": "track",
        "smoothness": "bad",
        "surface": "unpaved",
        "tracktype": "grade5",
        "width": "2.5"
      },
      "geometry": {
        "type": "LineString",
        "coordinates": [
          [
            0.8444828,
            49.1051461
          ],
          [
            0.8449835,
            49.1048848
          ],
          [
            0.8456923,
            49.1045936
          ],
          [
            0.8467622,
            49.1042477
          ],
          [
            0.8474534,
            49.103922
          ],
          [
            0.8482327,
            49.1035012
          ],
          [
            0.8488755,
            49.1030803
          ],
          [
            0.8492146,
            49.1027287
          ],
          [
            0.8495096,
            49.1024143
          ]
        ]
      },
      "id": "way/562034517"
    },
    {
      "type": "Feature",
      "properties": {
        "@id": "way/562034520",
        "highway": "tertiary",
        "maxspeed": "50",
        "name": "Rue de Vétigny",
        "ref": "D 602"
      },
      "geometry": {
        "type": "LineString",
        "coordinates": [
          [
            0.8374514,
            49.1065575
          ],
          [
            0.837411,
            49.1063971
          ],
          [
            0.8373534,
            49.1061681
          ],
          [
            0.8373427,
            49.1057326
          ],
          [
            0.8375409,
            49.1053626
          ],
          [
            0.8378047,
            49.1050092
          ],
          [
            0.8378362,
            49.104967
          ],
          [
            0.8378577,
            49.1049459
          ],
          [
            0.8381106,
            49.1047445
          ],
          [
            0.8382869,
            49.1045245
          ],
          [
            0.8383525,
            49.1041375
          ],
          [
            0.8383607,
            49.1040895
          ],
          [
            0.8384371,
            49.1036395
          ],
          [
            0.8383727,
            49.1032068
          ]
        ]
      },
      "id": "way/562034520"
    },
    {
      "type": "Feature",
      "properties": {
        "@id": "way/562034523",
        "highway": "tertiary",
        "maxspeed": "80",
        "name": "Rue de Vétigny"
      },
      "geometry": {
        "type": "LineString",
        "coordinates": [
          [
            0.837568,
            49.1070211
          ],
          [
            0.8374514,
            49.1065575
          ]
        ]
      },
      "id": "way/562034523"
    },
    {
      "type": "Feature",
      "properties": {
        "@id": "way/562034526",
        "highway": "unclassified",
        "maxspeed": "50"
      },
      "geometry": {
        "type": "LineString",
        "coordinates": [
          [
            0.8368887,
            49.1063943
          ],
          [
            0.8369683,
            49.1063625
          ],
          [
            0.837112,
            49.106305
          ],
          [
            0.837273,
            49.1062278
          ],
          [
            0.8373534,
            49.1061681
          ]
        ]
      },
      "id": "way/562034526"
    },
    {
      "type": "Feature",
      "properties": {
        "@id": "way/562034528",
        "highway": "residential",
        "maxspeed": "50",
        "name": "Rue de l'Église"
      },
      "geometry": {
        "type": "LineString",
        "coordinates": [
          [
            0.8435829,
            49.1116843
          ],
          [
            0.8436145,
            49.1116532
          ],
          [
            0.8436247,
            49.1116002
          ],
          [
            0.8436191,
            49.1115269
          ],
          [
            0.8436018,
            49.1113616
          ],
          [
            0.8435011,
            49.1107333
          ],
          [
            0.843265,
            49.1098414
          ]
        ]
      },
      "id": "way/562034528"
    },
    {
      "type": "Feature",
      "properties": {
        "@id": "way/562034530",
        "highway": "residential",
        "maxspeed": "30",
        "name": "Rue des Prés"
      },
      "geometry": {
        "type": "LineString",
        "coordinates": [
          [
            0.8422259,
            49.1079115
          ],
          [
            0.842278,
            49.1077554
          ],
          [
            0.8422243,
            49.1072287
          ],
          [
            0.8422887,
            49.1071303
          ]
        ]
      },
      "id": "way/562034530"
    },
    {
      "type": "Feature",
      "properties": {
        "@id": "way/562034759",
        "highway": "tertiary",
        "maxspeed": "30",
        "name": "Rue de la Forge",
        "ref": "D 30"
      },
      "geometry": {
        "type": "LineString",
        "coordinates": [
          [
            0.8466055,
            49.1194852
          ],
          [
            0.8466624,
            49.1190745
          ],
          [
            0.8466871,
            49.1190287
          ],
          [
            0.8467753,
            49.1188648
          ],
          [
            0.8468064,
            49.1188257
          ],
          [
            0.84682,
            49.1188086
          ],
          [
            0.8470171,
            49.1185608
          ],
          [
            0.8471683,
            49.1183982
          ],
          [
            0.8473298,
            49.1182357
          ]
        ]
      },
      "id": "way/562034759"
    },
    {
      "type": "Feature",
      "properties": {
        "@id": "way/562034762",
        "highway": "tertiary",
        "maxspeed": "50",
        "name": "Rue de la Forge",
        "ref": "D 30"
      },
      "geometry": {
        "type": "LineString",
        "coordinates": [
          [
            0.8473298,
            49.1182357
          ],
          [
            0.8477073,
            49.1178186
          ],
          [
            0.8481017,
            49.1174189
          ]
        ]
      },
      "id": "way/562034762"
    },
    {
      "type": "Feature",
      "properties": {
        "@id": "way/562035995",
        "cycleway:both": "no",
        "highway": "residential",
        "lane_markings": "no",
        "maxspeed": "80",
        "name": "Rue des Trembles",
        "oneway": "yes",
        "sidewalk": "no",
        "surface": "asphalt"
      },
      "geometry": {
        "type": "LineString",
        "coordinates": [
          [
            0.8793801,
            49.1397897
          ],
          [
            0.8803956,
            49.1401519
          ],
          [
            0.8808856,
            49.1403961
          ],
          [
            0.8814525,
            49.1406776
          ],
          [
            0.8820066,
            49.1409104
          ],
          [
            0.8825072,
            49.1410979
          ],
          [
            0.8826803,
            49.1411502
          ],
          [
            0.8826663,
            49.1412013
          ]
        ]
      },
      "id": "way/562035995"
    },
    {
      "type": "Feature",
      "properties": {
        "@id": "way/562035996",
        "cycleway:both": "no",
        "highway": "tertiary",
        "lane_markings": "no",
        "maxspeed": "50",
        "name": "Route de Nassandres",
        "ref": "D 24",
        "surface": "asphalt"
      },
      "geometry": {
        "type": "LineString",
        "coordinates": [
          [
            0.8702707,
            49.1388219
          ],
          [
            0.8710892,
            49.1389524
          ],
          [
            0.8727894,
            49.1394508
          ]
        ]
      },
      "id": "way/562035996"
    },
    {
      "type": "Feature",
      "properties": {
        "@id": "way/562035997",
        "cycleway:both": "no",
        "highway": "primary",
        "lanes": "2",
        "lit": "yes",
        "maxspeed": "50",
        "name": "Route de Beaumont",
        "ref": "D 133",
        "sidewalk": "right",
        "surface": "asphalt"
      },
      "geometry": {
        "type": "LineString",
        "coordinates": [
          [
            0.8788027,
            49.1322583
          ],
          [
            0.8790919,
            49.132456
          ],
          [
            0.8792971,
            49.1325962
          ],
          [
            0.881024,
            49.133828
          ],
          [
            0.8820317,
            49.1345405
          ],
          [
            0.8821879,
            49.1346482
          ],
          [
            0.882667,
            49.1349788
          ],
          [
            0.882752,
            49.1350388
          ],
          [
            0.8828102,
            49.135078
          ],
          [
            0.8834877,
            49.135549
          ]
        ]
      },
      "id": "way/562035997"
    },
    {
      "type": "Feature",
      "properties": {
        "@id": "way/562035998",
        "highway": "residential",
        "maxspeed": "30",
        "name": "Rue de la Garenne"
      },
      "geometry": {
        "type": "LineString",
        "coordinates": [
          [
            0.8798063,
            49.1296372
          ],
          [
            0.8799257,
            49.1298029
          ],
          [
            0.8803708,
            49.1304193
          ]
        ]
      },
      "id": "way/562035998"
    },
    {
      "type": "Feature",
      "properties": {
        "@id": "way/562035999",
        "cycleway:both": "no",
        "highway": "primary",
        "lanes": "2",
        "maxspeed": "90",
        "name": "Route de Beaumont",
        "ref": "D 133",
        "shoulder": "no",
        "sidewalk": "no",
        "surface": "asphalt"
      },
      "geometry": {
        "type": "LineString",
        "coordinates": [
          [
            0.8648759,
            49.1225291
          ],
          [
            0.8651776,
            49.1227232
          ],
          [
            0.8663214,
            49.1235497
          ],
          [
            0.8689966,
            49.1254182
          ],
          [
            0.8696876,
            49.1258955
          ],
          [
            0.8728551,
            49.1281135
          ],
          [
            0.8773898,
            49.1312911
          ],
          [
            0.8788027,
            49.1322583
          ]
        ]
      },
      "id": "way/562035999"
    },
    {
      "type": "Feature",
      "properties": {
        "@id": "way/562036000",
        "highway": "unclassified",
        "maxspeed": "50"
      },
      "geometry": {
        "type": "LineString",
        "coordinates": [
          [
            0.8864369,
            49.1340991
          ],
          [
            0.8863857,
            49.1340566
          ],
          [
            0.8862048,
            49.1339061
          ],
          [
            0.8859527,
            49.133692
          ],
          [
            0.8854723,
            49.1333882
          ],
          [
            0.8848286,
            49.1330863
          ],
          [
            0.8843916,
            49.1329022
          ],
          [
            0.8841073,
            49.1327583
          ],
          [
            0.8839088,
            49.1326074
          ],
          [
            0.8838284,
            49.1324986
          ],
          [
            0.8837372,
            49.1323547
          ]
        ]
      },
      "id": "way/562036000"
    },
    {
      "type": "Feature",
      "properties": {
        "@id": "way/562049916",
        "highway": "residential",
        "maxspeed": "50",
        "name": "Rue Dumontier"
      },
      "geometry": {
        "type": "LineString",
        "coordinates": [
          [
            0.8942989,
            49.1012905
          ],
          [
            0.8940661,
            49.1010088
          ],
          [
            0.8939849,
            49.1009268
          ],
          [
            0.8938531,
            49.1008269
          ],
          [
            0.8937438,
            49.1007666
          ],
          [
            0.8936234,
            49.1007321
          ],
          [
            0.8934719,
            49.100704
          ],
          [
            0.8922797,
            49.100598
          ],
          [
            0.891688,
            49.1005681
          ],
          [
            0.8910928,
            49.1005553
          ],
          [
            0.8898861,
            49.1005667
          ],
          [
            0.8886557,
            49.1005836
          ],
          [
            0.8882576,
            49.1005822
          ],
          [
            0.8882151,
            49.100587
          ],
          [
            0.8880684,
            49.100589
          ],
          [
            0.8874886,
            49.1005766
          ],
          [
            0.8867891,
            49.1005206
          ],
          [
            0.8863724,
            49.1004518
          ]
        ]
      },
      "id": "way/562049916"
    },
    {
      "type": "Feature",
      "properties": {
        "@id": "way/562049917",
        "highway": "unclassified",
        "maxspeed": "50",
        "name": "Rue des Argillières"
      },
      "geometry": {
        "type": "LineString",
        "coordinates": [
          [
            0.8829188,
            49.1003482
          ],
          [
            0.8832514,
            49.1003623
          ],
          [
            0.8843887,
            49.1005839
          ],
          [
            0.8851289,
            49.1006612
          ],
          [
            0.8863725,
            49.1007453
          ]
        ]
      },
      "id": "way/562049917"
    },
    {
      "type": "Feature",
      "properties": {
        "@id": "way/562049918",
        "highway": "tertiary",
        "maxspeed": "50",
        "name": "Rue de la Briqueterie"
      },
      "geometry": {
        "type": "LineString",
        "coordinates": [
          [
            0.8864046,
            49.1028787
          ],
          [
            0.8866168,
            49.1029963
          ],
          [
            0.8869542,
            49.1030718
          ],
          [
            0.8873518,
            49.1032301
          ],
          [
            0.8877546,
            49.1034128
          ],
          [
            0.8882695,
            49.1036235
          ],
          [
            0.8885941,
            49.1037792
          ],
          [
            0.8888627,
            49.1039517
          ],
          [
            0.8894386,
            49.1044944
          ],
          [
            0.8899193,
            49.1049772
          ]
        ]
      },
      "id": "way/562049918"
    },
    {
      "type": "Feature",
      "properties": {
        "@id": "way/562049919",
        "highway": "residential",
        "maxspeed": "30",
        "name": "Rue de l'Église"
      },
      "geometry": {
        "type": "LineString",
        "coordinates": [
          [
            0.8864942,
            49.1015814
          ],
          [
            0.8861714,
            49.101627
          ]
        ]
      },
      "id": "way/562049919"
    },
    {
      "type": "Feature",
      "properties": {
        "@id": "way/562049920",
        "highway": "unclassified",
        "maxspeed": "50"
      },
      "geometry": {
        "type": "LineString",
        "coordinates": [
          [
            0.8846998,
            49.0968288
          ],
          [
            0.8858478,
            49.0967765
          ],
          [
            0.8864915,
            49.0967932
          ],
          [
            0.8868134,
            49.0968467
          ]
        ]
      },
      "id": "way/562049920"
    },
    {
      "type": "Feature",
      "properties": {
        "@id": "way/562050421",
        "highway": "unclassified",
        "maxspeed": "80"
      },
      "geometry": {
        "type": "LineString",
        "coordinates": [
          [
            0.8546204,
            49.0970037
          ],
          [
            0.8547342,
            49.096878
          ],
          [
            0.8548495,
            49.096756
          ],
          [
            0.8548736,
            49.0967305
          ],
          [
            0.8555614,
            49.0963364
          ],
          [
            0.8557319,
            49.0962387
          ],
          [
            0.8559572,
            49.0958874
          ],
          [
            0.8569014,
            49.093
          ],
          [
            0.8570838,
            49.0925082
          ],
          [
            0.8575129,
            49.0918618
          ],
          [
            0.8577382,
            49.0913279
          ],
          [
            0.857749,
            49.0909555
          ],
          [
            0.8574915,
            49.0899086
          ],
          [
            0.8575451,
            49.0895222
          ]
        ]
      },
      "id": "way/562050421"
    },
    {
      "type": "Feature",
      "properties": {
        "@id": "way/562050422",
        "highway": "unclassified",
        "maxspeed": "50",
        "name": "Rue des Bruyères Morin"
      },
      "geometry": {
        "type": "LineString",
        "coordinates": [
          [
            0.8585468,
            49.0883839
          ],
          [
            0.8586716,
            49.0884894
          ],
          [
            0.8599591,
            49.0887985
          ],
          [
            0.8602059,
            49.088925
          ],
          [
            0.8605921,
            49.0893855
          ],
          [
            0.8608094,
            49.0895278
          ],
          [
            0.8609354,
            49.0896104
          ],
          [
            0.8613324,
            49.0897119
          ],
          [
            0.8619868,
            49.0897611
          ]
        ]
      },
      "id": "way/562050422"
    },
    {
      "type": "Feature",
      "properties": {
        "@id": "way/562052542",
        "highway": "tertiary",
        "maxspeed": "90",
        "name": "Rue Dupont de l'Eure",
        "ref": "D 30"
      },
      "geometry": {
        "type": "LineString",
        "coordinates": [
          [
            0.8441117,
            49.1369057
          ],
          [
            0.8441431,
            49.136848
          ],
          [
            0.8443384,
            49.136392
          ],
          [
            0.8448376,
            49.1355338
          ]
        ]
      },
      "id": "way/562052542"
    },
    {
      "type": "Feature",
      "properties": {
        "@id": "way/562052543",
        "highway": "track",
        "maxspeed": "50"
      },
      "geometry": {
        "type": "LineString",
        "coordinates": [
          [
            0.849362,
            49.1311254
          ],
          [
            0.8482625,
            49.1316844
          ]
        ]
      },
      "id": "way/562052543"
    },
    {
      "type": "Feature",
      "properties": {
        "@id": "way/562052544",
        "highway": "tertiary",
        "maxspeed": "90",
        "name": "Rue Dupont de l'Eure",
        "ref": "D 30"
      },
      "geometry": {
        "type": "LineString",
        "coordinates": [
          [
            0.8462705,
            49.1303328
          ],
          [
            0.8460765,
            49.1297933
          ]
        ]
      },
      "id": "way/562052544"
    },
    {
      "type": "Feature",
      "properties": {
        "@id": "way/562052545",
        "highway": "tertiary",
        "maxspeed": "90",
        "name": "Rue Dupont de l'Eure",
        "ref": "D 30"
      },
      "geometry": {
        "type": "LineString",
        "coordinates": [
          [
            0.8460765,
            49.1297933
          ],
          [
            0.8460765,
            49.1293019
          ],
          [
            0.8461945,
            49.1275471
          ],
          [
            0.8462374,
            49.1266344
          ],
          [
            0.8461194,
            49.1255953
          ],
          [
            0.8461945,
            49.124823
          ],
          [
            0.846452,
            49.1239274
          ],
          [
            0.846724,
            49.1233185
          ],
          [
            0.8467497,
            49.1231699
          ],
          [
            0.846727,
            49.1231079
          ]
        ]
      },
      "id": "way/562052545"
    },
    {
      "type": "Feature",
      "properties": {
        "@id": "way/570744798",
        "highway": "track",
        "tracktype": "grade1"
      },
      "geometry": {
        "type": "LineString",
        "coordinates": [
          [
            0.8728056,
            49.1180113
          ],
          [
            0.8723375,
            49.117819
          ],
          [
            0.8721001,
            49.1177137
          ],
          [
            0.871807,
            49.1175282
          ],
          [
            0.8717548,
            49.1174951
          ]
        ]
      },
      "id": "way/570744798"
    },
    {
      "type": "Feature",
      "properties": {
        "@id": "way/570744799",
        "highway": "track",
        "tracktype": "grade5"
      },
      "geometry": {
        "type": "LineString",
        "coordinates": [
          [
            0.8801186,
            49.1235803
          ],
          [
            0.8800281,
            49.1235312
          ],
          [
            0.8795875,
            49.123238
          ],
          [
            0.8779219,
            49.1221181
          ],
          [
            0.8776027,
            49.1218811
          ],
          [
            0.8770958,
            49.1214721
          ],
          [
            0.8768222,
            49.1212141
          ],
          [
            0.8763179,
            49.1207226
          ],
          [
            0.8758968,
            49.1204101
          ],
          [
            0.8753979,
            49.120066
          ],
          [
            0.8747622,
            49.1195938
          ],
          [
            0.8742955,
            49.1192621
          ],
          [
            0.8737752,
            49.1187565
          ],
          [
            0.8734158,
            49.1183948
          ],
          [
            0.8731811,
            49.1182202
          ],
          [
            0.8730711,
            49.118157
          ],
          [
            0.8728056,
            49.1180113
          ]
        ]
      },
      "id": "way/570744799"
    },
    {
      "type": "Feature",
      "properties": {
        "@id": "way/570744802",
        "highway": "track",
        "tracktype": "grade4"
      },
      "geometry": {
        "type": "LineString",
        "coordinates": [
          [
            0.8936379,
            49.1237877
          ],
          [
            0.8935082,
            49.1237506
          ],
          [
            0.8912471,
            49.1234381
          ],
          [
            0.8891496,
            49.1231415
          ],
          [
            0.8864298,
            49.1227887
          ],
          [
            0.8843753,
            49.122485
          ],
          [
            0.8838549,
            49.1223762
          ],
          [
            0.8817574,
            49.1218074
          ],
          [
            0.8812451,
            49.1216845
          ]
        ]
      },
      "id": "way/570744802"
    },
    {
      "type": "Feature",
      "properties": {
        "@id": "way/570744807",
        "highway": "track",
        "tracktype": "grade2"
      },
      "geometry": {
        "type": "LineString",
        "coordinates": [
          [
            0.8812451,
            49.1216845
          ],
          [
            0.8811969,
            49.1218337
          ],
          [
            0.8809608,
            49.1224271
          ],
          [
            0.8808187,
            49.1226816
          ],
          [
            0.8806604,
            49.1228975
          ],
          [
            0.8801186,
            49.1235803
          ],
          [
            0.8797485,
            49.1240314
          ],
          [
            0.8795956,
            49.1242947
          ],
          [
            0.8795339,
            49.1244896
          ],
          [
            0.8794883,
            49.1246546
          ],
          [
            0.8794802,
            49.1248476
          ],
          [
            0.8795071,
            49.1250513
          ],
          [
            0.8795527,
            49.1252952
          ],
          [
            0.8796546,
            49.1256305
          ],
          [
            0.8798021,
            49.1261114
          ],
          [
            0.8801159,
            49.1269557
          ],
          [
            0.8802286,
            49.1272611
          ],
          [
            0.8802288,
            49.1273562
          ]
        ]
      },
      "id": "way/570744807"
    },
    {
      "type": "Feature",
      "properties": {
        "@id": "way/570744808",
        "highway": "track",
        "tracktype": "grade4"
      },
      "geometry": {
        "type": "LineString",
        "coordinates": [
          [
            0.8677457,
            49.1183812
          ],
          [
            0.8678274,
            49.1184686
          ],
          [
            0.8679481,
            49.1185836
          ],
          [
            0.8709159,
            49.1211123
          ],
          [
            0.8727372,
            49.1226658
          ],
          [
            0.8748467,
            49.1244501
          ],
          [
            0.8750184,
            49.1245607
          ],
          [
            0.8752196,
            49.1246721
          ],
          [
            0.8755414,
            49.1248512
          ],
          [
            0.8757319,
            49.1249889
          ],
          [
            0.8761758,
            49.1253532
          ],
          [
            0.8767042,
            49.1258025
          ],
          [
            0.8768171,
            49.1259099
          ]
        ]
      },
      "id": "way/570744808"
    },
    {
      "type": "Feature",
      "properties": {
        "@id": "way/570744810",
        "highway": "track",
        "tracktype": "grade5"
      },
      "geometry": {
        "type": "LineString",
        "coordinates": [
          [
            0.8738556,
            49.088458
          ],
          [
            0.8736679,
            49.0897438
          ],
          [
            0.8732253,
            49.093276
          ],
          [
            0.8731867,
            49.0933811
          ]
        ]
      },
      "id": "way/570744810"
    },
    {
      "type": "Feature",
      "properties": {
        "@id": "way/570744811",
        "highway": "track",
        "tracktype": "grade5"
      },
      "geometry": {
        "type": "LineString",
        "coordinates": [
          [
            0.8795082,
            49.0948757
          ],
          [
            0.8802554,
            49.0930161
          ],
          [
            0.8805504,
            49.0922907
          ],
          [
            0.8808294,
            49.0916426
          ],
          [
            0.8808589,
            49.0915179
          ],
          [
            0.8807945,
            49.091409
          ],
          [
            0.8805504,
            49.0912245
          ],
          [
            0.8794668,
            49.090399
          ],
          [
            0.8790377,
            49.090053
          ],
          [
            0.878807,
            49.0898264
          ],
          [
            0.8787373,
            49.0896964
          ],
          [
            0.878697,
            49.0894452
          ],
          [
            0.8786796,
            49.0889727
          ],
          [
            0.8786702,
            49.0887057
          ],
          [
            0.8786635,
            49.0885213
          ],
          [
            0.87863,
            49.0884859
          ]
        ]
      },
      "id": "way/570744811"
    },
    {
      "type": "Feature",
      "properties": {
        "@id": "way/570744813",
        "highway": "track",
        "tracktype": "grade5"
      },
      "geometry": {
        "type": "LineString",
        "coordinates": [
          [
            0.8699444,
            49.1014983
          ],
          [
            0.8674908,
            49.1013144
          ],
          [
            0.8622631,
            49.1008841
          ],
          [
            0.8622175,
            49.1009052
          ],
          [
            0.8622202,
            49.1009649
          ],
          [
            0.8625072,
            49.1024383
          ],
          [
            0.8627647,
            49.1039959
          ],
          [
            0.8629789,
            49.1053465
          ]
        ]
      },
      "id": "way/570744813"
    },
    {
      "type": "Feature",
      "properties": {
        "@id": "way/570744814",
        "highway": "track",
        "tracktype": "grade4"
      },
      "geometry": {
        "type": "LineString",
        "coordinates": [
          [
            0.8629789,
            49.1053465
          ],
          [
            0.8629793,
            49.1055359
          ],
          [
            0.8629498,
            49.1062488
          ],
          [
            0.8629122,
            49.1067475
          ],
          [
            0.8628505,
            49.10719
          ],
          [
            0.8627889,
            49.1076377
          ],
          [
            0.8626091,
            49.108463
          ],
          [
            0.862518,
            49.1091056
          ],
          [
            0.8624589,
            49.1095551
          ],
          [
            0.8624563,
            49.1097605
          ],
          [
            0.8624831,
            49.1098852
          ],
          [
            0.8625582,
            49.1100222
          ],
          [
            0.8630007,
            49.1106033
          ],
          [
            0.8633146,
            49.1109281
          ],
          [
            0.8636954,
            49.1112828
          ],
          [
            0.8643687,
            49.1118464
          ],
          [
            0.8645108,
            49.1119254
          ],
          [
            0.8647791,
            49.1120413
          ],
          [
            0.8659673,
            49.1125399
          ],
          [
            0.8664554,
            49.1127629
          ],
          [
            0.8667237,
            49.1129226
          ],
          [
            0.8669436,
            49.1130736
          ],
          [
            0.8672547,
            49.113286
          ]
        ]
      },
      "id": "way/570744814"
    },
    {
      "type": "Feature",
      "properties": {
        "@id": "way/570744815",
        "highway": "track",
        "tracktype": "grade4"
      },
      "geometry": {
        "type": "LineString",
        "coordinates": [
          [
            0.8750975,
            49.0981565
          ],
          [
            0.8745638,
            49.0981796
          ],
          [
            0.8731717,
            49.0982516
          ],
          [
            0.8719674,
            49.0982868
          ],
          [
            0.8702722,
            49.0983114
          ],
          [
            0.8682364,
            49.0983412
          ],
          [
            0.8674988,
            49.0983131
          ],
          [
            0.8668712,
            49.0982394
          ],
          [
            0.8666083,
            49.0982007
          ],
          [
            0.8637598,
            49.0978249
          ],
          [
            0.8616543,
            49.0975421
          ],
          [
            0.8612198,
            49.0974956
          ],
          [
            0.8605345,
            49.0974526
          ],
          [
            0.8593798,
            49.0974166
          ],
          [
            0.8590123,
            49.0973823
          ],
          [
            0.8586583,
            49.0973384
          ],
          [
            0.8568719,
            49.0970609
          ],
          [
            0.8553618,
            49.0968326
          ],
          [
            0.8548495,
            49.096756
          ]
        ]
      },
      "id": "way/570744815"
    },
    {
      "type": "Feature",
      "properties": {
        "@id": "way/629920732",
        "cycleway:both": "no",
        "highway": "service",
        "lane_markings": "no",
        "sidewalk": "no",
        "surface": "asphalt"
      },
      "geometry": {
        "type": "LineString",
        "coordinates": [
          [
            0.8162231,
            49.0949472
          ],
          [
            0.8145154,
            49.0980451
          ],
          [
            0.8145047,
            49.0980645
          ]
        ]
      },
      "id": "way/629920732"
    },
    {
      "type": "Feature",
      "properties": {
        "@id": "way/629920739",
        "highway": "track",
        "surface": "grass"
      },
      "geometry": {
        "type": "LineString",
        "coordinates": [
          [
            0.806138,
            49.1042584
          ],
          [
            0.8051295,
            49.1058107
          ],
          [
            0.8050061,
            49.1059125
          ],
          [
            0.8034773,
            49.1066289
          ],
          [
            0.8008863,
            49.1078054
          ],
          [
            0.8002908,
            49.1081355
          ],
          [
            0.7984401,
            49.1093786
          ],
          [
            0.7977588,
            49.109807
          ],
          [
            0.7967449,
            49.1103373
          ],
          [
            0.7952965,
            49.1108745
          ],
          [
            0.7944329,
            49.1112573
          ],
          [
            0.7931239,
            49.1117278
          ],
          [
            0.7921315,
            49.1120509
          ],
          [
            0.7919545,
            49.1121176
          ]
        ]
      },
      "id": "way/629920739"
    },
    {
      "type": "Feature",
      "properties": {
        "@id": "way/629920772",
        "highway": "track"
      },
      "geometry": {
        "type": "LineString",
        "coordinates": [
          [
            0.8075652,
            49.1295949
          ],
          [
            0.807565,
            49.1300403
          ],
          [
            0.8077849,
            49.1307458
          ],
          [
            0.8077795,
            49.1309705
          ],
          [
            0.8069424,
            49.1311734
          ],
          [
            0.8060466,
            49.1312997
          ],
          [
            0.80499,
            49.1313849
          ],
          [
            0.8048855,
            49.1325262
          ],
          [
            0.8048664,
            49.1326967
          ],
          [
            0.803724,
            49.1367689
          ],
          [
            0.8033753,
            49.1376182
          ],
          [
            0.802973,
            49.1382815
          ],
          [
            0.8027155,
            49.1386395
          ],
          [
            0.8025546,
            49.1390291
          ],
          [
            0.8014549,
            49.1413453
          ],
          [
            0.8009506,
            49.1423314
          ],
          [
            0.8006556,
            49.1427245
          ],
          [
            0.7997115,
            49.1436614
          ]
        ]
      },
      "id": "way/629920772"
    },
    {
      "type": "Feature",
      "properties": {
        "@id": "way/629920777",
        "highway": "track",
        "surface": "gravel",
        "tracktype": "grade1"
      },
      "geometry": {
        "type": "LineString",
        "coordinates": [
          [
            0.8297752,
            49.105215
          ],
          [
            0.829366,
            49.1052136
          ],
          [
            0.8289046,
            49.1051645
          ],
          [
            0.8283253,
            49.1051574
          ],
          [
            0.8279927,
            49.1051926
          ],
          [
            0.8269734,
            49.1054524
          ],
          [
            0.8265872,
            49.1055297
          ],
          [
            0.8258254,
            49.1055508
          ],
          [
            0.8254285,
            49.1055016
          ],
          [
            0.8247204,
            49.1052772
          ],
          [
            0.819592,
            49.1041741
          ],
          [
            0.817178,
            49.1036894
          ],
          [
            0.815912,
            49.1035419
          ],
          [
            0.8147104,
            49.1034576
          ],
          [
            0.8123607,
            49.1031345
          ],
          [
            0.80995,
            49.1026449
          ],
          [
            0.8052314,
            49.102102
          ]
        ]
      },
      "id": "way/629920777"
    },
    {
      "type": "Feature",
      "properties": {
        "@id": "way/629920779",
        "highway": "track",
        "surface": "concrete",
        "tracktype": "grade1"
      },
      "geometry": {
        "type": "LineString",
        "coordinates": [
          [
            0.8081067,
            49.1057065
          ],
          [
            0.806417,
            49.1049011
          ],
          [
            0.806138,
            49.1042584
          ],
          [
            0.8052314,
            49.102102
          ],
          [
            0.8026297,
            49.1016243
          ],
          [
            0.8024741,
            49.1016032
          ],
          [
            0.8014388,
            49.1013925
          ],
          [
            0.8010686,
            49.1012696
          ],
          [
            0.7995291,
            49.1009991
          ],
          [
            0.7992096,
            49.1009736
          ]
        ]
      },
      "id": "way/629920779"
    },
    {
      "type": "Feature",
      "properties": {
        "@id": "way/629920788",
        "highway": "track"
      },
      "geometry": {
        "type": "LineString",
        "coordinates": [
          [
            0.8059503,
            49.0907956
          ],
          [
            0.8063172,
            49.0909798
          ],
          [
            0.8081229,
            49.0918524
          ],
          [
            0.8087505,
            49.0920597
          ],
          [
            0.8087612,
            49.0921124
          ],
          [
            0.8090777,
            49.0922353
          ],
          [
            0.8124788,
            49.0932927
          ],
          [
            0.8140452,
            49.0937634
          ],
          [
            0.8144851,
            49.0938196
          ],
          [
            0.8156009,
            49.0938477
          ]
        ]
      },
      "id": "way/629920788"
    },
    {
      "type": "Feature",
      "properties": {
        "@id": "way/629942526",
        "highway": "path"
      },
      "geometry": {
        "type": "LineString",
        "coordinates": [
          [
            0.8790919,
            49.132456
          ],
          [
            0.8780532,
            49.1328547
          ],
          [
            0.8776694,
            49.1330811
          ],
          [
            0.8764345,
            49.1340993
          ],
          [
            0.8752768,
            49.1352748
          ],
          [
            0.874499,
            49.1359592
          ],
          [
            0.8735419,
            49.1366368
          ]
        ]
      },
      "id": "way/629942526"
    },
    {
      "type": "Feature",
      "properties": {
        "@id": "way/629942530",
        "highway": "path"
      },
      "geometry": {
        "type": "LineString",
        "coordinates": [
          [
            0.8798214,
            49.1306021
          ],
          [
            0.8796488,
            49.1317543
          ],
          [
            0.8795308,
            49.1321895
          ],
          [
            0.8793433,
            49.132539
          ],
          [
            0.8792971,
            49.1325962
          ]
        ]
      },
      "id": "way/629942530"
    },
    {
      "type": "Feature",
      "properties": {
        "@id": "way/629942532",
        "cycleway:both": "no",
        "highway": "unclassified",
        "maxspeed": "50",
        "name": "Route du Tremblay",
        "surface": "asphalt"
      },
      "geometry": {
        "type": "LineString",
        "coordinates": [
          [
            0.8815752,
            49.1283433
          ],
          [
            0.8827394,
            49.1281355
          ],
          [
            0.8835333,
            49.1279319
          ],
          [
            0.8849785,
            49.1272667
          ],
          [
            0.8853216,
            49.1270694
          ],
          [
            0.8857209,
            49.1268693
          ],
          [
            0.8864601,
            49.1265221
          ],
          [
            0.8870606,
            49.126271
          ]
        ]
      },
      "id": "way/629942532"
    },
    {
      "type": "Feature",
      "properties": {
        "@id": "way/629942541",
        "highway": "track",
        "tracktype": "grade3"
      },
      "geometry": {
        "type": "LineString",
        "coordinates": [
          [
            0.8773898,
            49.1312911
          ],
          [
            0.8754324,
            49.1316911
          ],
          [
            0.8736514,
            49.1319579
          ],
          [
            0.8726215,
            49.132007
          ],
          [
            0.8722138,
            49.1320983
          ],
          [
            0.870583,
            49.1325546
          ],
          [
            0.8694028,
            49.1329828
          ],
          [
            0.867858,
            49.1332916
          ]
        ]
      },
      "id": "way/629942541"
    },
    {
      "type": "Feature",
      "properties": {
        "@id": "way/629942542",
        "highway": "track"
      },
      "geometry": {
        "type": "LineString",
        "coordinates": [
          [
            0.8658473,
            49.1370273
          ],
          [
            0.8656662,
            49.1392533
          ]
        ]
      },
      "id": "way/629942542"
    },
    {
      "type": "Feature",
      "properties": {
        "@id": "way/629942543",
        "highway": "track"
      },
      "geometry": {
        "type": "LineString",
        "coordinates": [
          [
            0.8735419,
            49.1366368
          ],
          [
            0.8731984,
            49.1368241
          ],
          [
            0.8726137,
            49.1370698
          ],
          [
            0.8716344,
            49.1372648
          ],
          [
            0.8698993,
            49.1374067
          ],
          [
            0.8689873,
            49.1374103
          ],
          [
            0.8658473,
            49.1370273
          ],
          [
            0.8649503,
            49.1368261
          ],
          [
            0.8631962,
            49.1363277
          ],
          [
            0.8592748,
            49.1351133
          ]
        ]
      },
      "id": "way/629942543"
    },
    {
      "type": "Feature",
      "properties": {
        "@id": "way/629942545",
        "highway": "track"
      },
      "geometry": {
        "type": "LineString",
        "coordinates": [
          [
            0.8650155,
            49.1392363
          ],
          [
            0.866034,
            49.1395565
          ],
          [
            0.8677506,
            49.1400198
          ],
          [
            0.8692741,
            49.1403321
          ],
          [
            0.8698695,
            49.1403778
          ],
          [
            0.8722366,
            49.1405163
          ]
        ]
      },
      "id": "way/629942545"
    },
    {
      "type": "Feature",
      "properties": {
        "@id": "way/629942547",
        "highway": "track"
      },
      "geometry": {
        "type": "LineString",
        "coordinates": [
          [
            0.8740323,
            49.1269734
          ],
          [
            0.8761512,
            49.1274438
          ],
          [
            0.8776401,
            49.1278317
          ],
          [
            0.8780264,
            49.1279686
          ],
          [
            0.8783214,
            49.1281651
          ],
          [
            0.8787774,
            49.1285407
          ],
          [
            0.8798063,
            49.1296372
          ]
        ]
      },
      "id": "way/629942547"
    },
    {
      "type": "Feature",
      "properties": {
        "@id": "way/643395859",
        "highway": "track"
      },
      "geometry": {
        "type": "LineString",
        "coordinates": [
          [
            0.8150412,
            49.1236125
          ],
          [
            0.814874,
            49.1241673
          ]
        ]
      },
      "id": "way/643395859"
    },
    {
      "type": "Feature",
      "properties": {
        "@id": "way/643395867",
        "highway": "track"
      },
      "geometry": {
        "type": "LineString",
        "coordinates": [
          [
            0.8354029,
            49.1227838
          ],
          [
            0.8355927,
            49.1221794
          ]
        ]
      },
      "id": "way/643395867"
    },
    {
      "type": "Feature",
      "properties": {
        "@id": "way/643395877",
        "highway": "service",
        "service": "alley"
      },
      "geometry": {
        "type": "LineString",
        "coordinates": [
          [
            0.8120408,
            49.1240898
          ],
          [
            0.8118893,
            49.1245816
          ]
        ]
      },
      "id": "way/643395877"
    },
    {
      "type": "Feature",
      "properties": {
        "@id": "way/643395893",
        "highway": "service",
        "service": "alley"
      },
      "geometry": {
        "type": "LineString",
        "coordinates": [
          [
            0.8125558,
            49.1238932
          ],
          [
            0.814874,
            49.1241673
          ]
        ]
      },
      "id": "way/643395893"
    },
    {
      "type": "Feature",
      "properties": {
        "@id": "way/677596847",
        "highway": "residential",
        "maxspeed": "50",
        "name": "Rue des Jardins"
      },
      "geometry": {
        "type": "LineString",
        "coordinates": [
          [
            0.8684343,
            49.1151842
          ],
          [
            0.8684617,
            49.1151155
          ],
          [
            0.8686226,
            49.1147468
          ],
          [
            0.8687621,
            49.1142728
          ],
          [
            0.8688158,
            49.1141991
          ]
        ]
      },
      "id": "way/677596847"
    },
    {
      "type": "Feature",
      "properties": {
        "@id": "way/737576595",
        "access": "private",
        "highway": "service",
        "surface": "asphalt"
      },
      "geometry": {
        "type": "LineString",
        "coordinates": [
          [
            0.8634936,
            49.1213629
          ],
          [
            0.8635318,
            49.1213323
          ],
          [
            0.8635627,
            49.1212313
          ],
          [
            0.8629851,
            49.1207782
          ]
        ]
      },
      "id": "way/737576595"
    },
    {
      "type": "Feature",
      "properties": {
        "@id": "way/737576596",
        "highway": "unclassified",
        "maxspeed": "80"
      },
      "geometry": {
        "type": "LineString",
        "coordinates": [
          [
            0.8265503,
            49.1272378
          ],
          [
            0.8263169,
            49.1271193
          ],
          [
            0.8258014,
            49.1269096
          ],
          [
            0.8251953,
            49.1267477
          ],
          [
            0.8248156,
            49.1266132
          ],
          [
            0.8244916,
            49.1264172
          ],
          [
            0.8239691,
            49.1259294
          ],
          [
            0.8236904,
            49.1257493
          ],
          [
            0.8229729,
            49.125437
          ],
          [
            0.8226385,
            49.125266
          ]
        ]
      },
      "id": "way/737576596"
    },
    {
      "type": "Feature",
      "properties": {
        "@id": "way/737576597",
        "highway": "unclassified",
        "maxspeed": "80"
      },
      "geometry": {
        "type": "LineString",
        "coordinates": [
          [
            0.8265503,
            49.1272378
          ],
          [
            0.826613,
            49.1270851
          ],
          [
            0.8266409,
            49.1268913
          ],
          [
            0.8265886,
            49.1265038
          ],
          [
            0.8266234,
            49.1263579
          ],
          [
            0.826728,
            49.1261117
          ],
          [
            0.8267001,
            49.1259385
          ],
          [
            0.8264876,
            49.125608
          ],
          [
            0.8258362,
            49.1245366
          ],
          [
            0.8254495,
            49.1238048
          ],
          [
            0.8253485,
            49.1235563
          ]
        ]
      },
      "id": "way/737576597"
    },
    {
      "type": "Feature",
      "properties": {
        "@id": "way/737576598",
        "highway": "primary",
        "lanes": "3",
        "lanes:backward": "2",
        "lanes:forward": "1",
        "maxspeed": "90",
        "old_ref": "N 13",
        "ref": "D 613",
        "surface": "asphalt"
      },
      "geometry": {
        "type": "LineString",
        "coordinates": [
          [
            0.8162583,
            49.12994
          ],
          [
            0.8258211,
            49.127791
          ],
          [
            0.8260298,
            49.1277431
          ]
        ]
      },
      "id": "way/737576598"
    },
    {
      "type": "Feature",
      "properties": {
        "@id": "way/737581317",
        "highway": "primary",
        "maxspeed": "90",
        "old_ref": "N 13",
        "oneway": "yes",
        "ref": "D 613"
      },
      "geometry": {
        "type": "LineString",
        "coordinates": [
          [
            0.8162583,
            49.12994
          ],
          [
            0.8133041,
            49.1306636
          ],
          [
            0.8124193,
            49.1308541
          ],
          [
            0.809807,
            49.1314014
          ]
        ]
      },
      "id": "way/737581317"
    },
    {
      "type": "Feature",
      "properties": {
        "@id": "way/737581319",
        "highway": "primary",
        "maxspeed": "90",
        "old_ref": "N 13",
        "oneway": "yes",
        "ref": "D 613"
      },
      "geometry": {
        "type": "LineString",
        "coordinates": [
          [
            0.809807,
            49.1314014
          ],
          [
            0.8118875,
            49.1308848
          ],
          [
            0.8129446,
            49.1306259
          ],
          [
            0.8131824,
            49.1305682
          ],
          [
            0.8146301,
            49.1302629
          ],
          [
            0.8162583,
            49.12994
          ]
        ]
      },
      "id": "way/737581319"
    },
    {
      "type": "Feature",
      "properties": {
        "@id": "way/776330875",
        "highway": "unclassified"
      },
      "geometry": {
        "type": "LineString",
        "coordinates": [
          [
            0.8342085,
            49.0930279
          ],
          [
            0.8345298,
            49.0930666
          ],
          [
            0.8347276,
            49.0930791
          ]
        ]
      },
      "id": "way/776330875"
    },
    {
      "type": "Feature",
      "properties": {
        "@id": "way/776330876",
        "highway": "unclassified"
      },
      "geometry": {
        "type": "LineString",
        "coordinates": [
          [
            0.8369683,
            49.1063625
          ],
          [
            0.837411,
            49.1063971
          ]
        ]
      },
      "id": "way/776330876"
    },
    {
      "type": "Feature",
      "properties": {
        "@id": "way/804618910",
        "cycleway:both": "no",
        "highway": "unclassified",
        "maxspeed": "80",
        "name": "C6",
        "sidewalk": "no",
        "surface": "asphalt"
      },
      "geometry": {
        "type": "LineString",
        "coordinates": [
          [
            0.857061,
            49.1179906
          ],
          [
            0.8571937,
            49.1178977
          ],
          [
            0.8578267,
            49.1175414
          ],
          [
            0.8581674,
            49.1174194
          ],
          [
            0.8584799,
            49.1173898
          ],
          [
            0.8597244,
            49.1173521
          ],
          [
            0.8607316,
            49.1173126
          ],
          [
            0.8610119,
            49.1172836
          ],
          [
            0.8611836,
            49.1172344
          ],
          [
            0.8616261,
            49.1170422
          ],
          [
            0.8628452,
            49.1164529
          ],
          [
            0.8632917,
            49.1163155
          ],
          [
            0.8636216,
            49.1162321
          ]
        ]
      },
      "id": "way/804618910"
    },
    {
      "type": "Feature",
      "properties": {
        "@id": "way/804618911",
        "highway": "unclassified",
        "lanes": "1",
        "maxspeed": "30",
        "oneway": "yes"
      },
      "geometry": {
        "type": "LineString",
        "coordinates": [
          [
            0.8769025,
            49.1145649
          ],
          [
            0.8775222,
            49.1145007
          ],
          [
            0.8778977,
            49.1145147
          ],
          [
            0.8786702,
            49.1147223
          ],
          [
            0.8807087,
            49.1152942
          ],
          [
            0.8808273,
            49.115393
          ],
          [
            0.880874,
            49.1154319
          ]
        ]
      },
      "id": "way/804618911"
    },
    {
      "type": "Feature",
      "properties": {
        "@id": "way/841750227",
        "highway": "tertiary",
        "maxspeed": "90",
        "ref": "D 30"
      },
      "geometry": {
        "type": "LineString",
        "coordinates": [
          [
            0.8418815,
            49.1400175
          ],
          [
            0.842536,
            49.1393756
          ],
          [
            0.8430295,
            49.1388172
          ],
          [
            0.843566,
            49.1378907
          ],
          [
            0.8440831,
            49.1369544
          ],
          [
            0.8441117,
            49.1369057
          ]
        ]
      },
      "id": "way/841750227"
    },
    {
      "type": "Feature",
      "properties": {
        "@id": "way/881042527",
        "highway": "service",
        "oneway": "yes"
      },
      "geometry": {
        "type": "LineString",
        "coordinates": [
          [
            0.8476785,
            49.1228937
          ],
          [
            0.8476746,
            49.1227509
          ],
          [
            0.8479831,
            49.1226702
          ],
          [
            0.8480911,
            49.1228014
          ]
        ]
      },
      "id": "way/881042527"
    },
    {
      "type": "Feature",
      "properties": {
        "@id": "way/931077975",
        "cycleway:both": "no",
        "highway": "residential",
        "maxspeed": "50",
        "name": "Rue de la Croix Ricard",
        "oneway": "yes",
        "sidewalk": "no",
        "surface": "asphalt"
      },
      "geometry": {
        "type": "LineString",
        "coordinates": [
          [
            0.8445203,
            49.1109405
          ],
          [
            0.8450031,
            49.1114637
          ],
          [
            0.8451104,
            49.1116075
          ],
          [
            0.8453142,
            49.1123625
          ],
          [
            0.8452998,
            49.1124547
          ],
          [
            0.8452956,
            49.1124815
          ]
        ]
      },
      "id": "way/931077975"
    },
    {
      "type": "Feature",
      "properties": {
        "@id": "way/1019380809",
        "highway": "primary",
        "lanes": "2",
        "maxspeed": "90",
        "old_ref": "N 13",
        "ref": "D 613"
      },
      "geometry": {
        "type": "LineString",
        "coordinates": [
          [
            0.885584,
            49.1143736
          ],
          [
            0.8873571,
            49.1139752
          ]
        ]
      },
      "id": "way/1019380809"
    },
    {
      "type": "Feature",
      "properties": {
        "@id": "way/1019380810",
        "highway": "primary",
        "lanes": "3",
        "lanes:backward": "2",
        "lanes:forward": "1",
        "maxspeed": "90",
        "old_ref": "N 13",
        "ref": "D 613"
      },
      "geometry": {
        "type": "LineString",
        "coordinates": [
          [
            0.880874,
            49.1154319
          ],
          [
            0.885584,
            49.1143736
          ]
        ]
      },
      "id": "way/1019380810"
    },
    {
      "type": "Feature",
      "properties": {
        "@id": "way/1019381047",
        "highway": "primary",
        "lanes": "3",
        "lanes:backward": "2",
        "lanes:forward": "1",
        "maxspeed": "90",
        "old_ref": "N 13",
        "ref": "D 613"
      },
      "geometry": {
        "type": "LineString",
        "coordinates": [
          [
            0.8766238,
            49.1163935
          ],
          [
            0.880874,
            49.1154319
          ]
        ]
      },
      "id": "way/1019381047"
    },
    {
      "type": "Feature",
      "properties": {
        "@id": "way/1019382473",
        "highway": "primary",
        "lanes": "2",
        "maxspeed": "90",
        "old_ref": "N 13",
        "ref": "D 613"
      },
      "geometry": {
        "type": "LineString",
        "coordinates": [
          [
            0.8725056,
            49.1173252
          ],
          [
            0.8766238,
            49.1163935
          ]
        ]
      },
      "id": "way/1019382473"
    },
    {
      "type": "Feature",
      "properties": {
        "@id": "way/1019382474",
        "highway": "primary",
        "lanes": "3",
        "lanes:backward": "2",
        "lanes:forward": "1",
        "maxspeed": "90",
        "old_ref": "N 13",
        "ref": "D 613",
        "turn:lanes:backward": "left|through"
      },
      "geometry": {
        "type": "LineString",
        "coordinates": [
          [
            0.8717548,
            49.1174951
          ],
          [
            0.8725056,
            49.1173252
          ]
        ]
      },
      "id": "way/1019382474"
    },
    {
      "type": "Feature",
      "properties": {
        "@id": "way/1019382475",
        "highway": "primary",
        "lanes": "3",
        "lanes:backward": "1",
        "lanes:forward": "2",
        "maxspeed": "90",
        "old_ref": "N 13",
        "ref": "D 613",
        "turn:lanes:forward": "through|right"
      },
      "geometry": {
        "type": "LineString",
        "coordinates": [
          [
            0.870388,
            49.1177972
          ],
          [
            0.8717548,
            49.1174951
          ]
        ]
      },
      "id": "way/1019382475"
    },
    {
      "type": "Feature",
      "properties": {
        "@id": "way/1019385680",
        "highway": "primary",
        "lanes": "3",
        "lanes:backward": "2",
        "lanes:forward": "1",
        "maxspeed": "90",
        "name": "Route Nationale 13",
        "old_ref": "N 13",
        "ref": "D 613"
      },
      "geometry": {
        "type": "LineString",
        "coordinates": [
          [
            0.8269509,
            49.1275319
          ],
          [
            0.8290186,
            49.127081
          ]
        ]
      },
      "id": "way/1019385680"
    },
    {
      "type": "Feature",
      "properties": {
        "@id": "way/1019385681",
        "highway": "primary",
        "lanes": "2",
        "maxspeed": "90",
        "name": "Route Nationale 13",
        "old_ref": "N 13",
        "ref": "D 613",
        "surface": "asphalt"
      },
      "geometry": {
        "type": "LineString",
        "coordinates": [
          [
            0.8290186,
            49.127081
          ],
          [
            0.83058,
            49.1267215
          ]
        ]
      },
      "id": "way/1019385681"
    },
    {
      "type": "Feature",
      "properties": {
        "@id": "way/1019386590",
        "highway": "primary",
        "lanes": "3",
        "lanes:backward": "1",
        "lanes:forward": "2",
        "maxspeed": "90",
        "old_ref": "N 13",
        "ref": "D 613"
      },
      "geometry": {
        "type": "LineString",
        "coordinates": [
          [
            0.7998108,
            49.1336919
          ],
          [
            0.8048855,
            49.1325262
          ],
          [
            0.806345,
            49.1321924
          ],
          [
            0.8064352,
            49.1321718
          ],
          [
            0.8074417,
            49.1319416
          ],
          [
            0.8074874,
            49.1319311
          ],
          [
            0.8088666,
            49.1316157
          ],
          [
            0.809807,
            49.1314014
          ]
        ]
      },
      "id": "way/1019386590"
    },
    {
      "type": "Feature",
      "properties": {
        "@id": "way/1073312386",
        "highway": "residential",
        "name": "Lotissement des Champs"
      },
      "geometry": {
        "type": "LineString",
        "coordinates": [
          [
            0.8675597,
            49.1148282
          ],
          [
            0.8674552,
            49.1148692
          ],
          [
            0.8668316,
            49.1148767
          ]
        ]
      },
      "id": "way/1073312386"
    },
    {
      "type": "Feature",
      "properties": {
        "@id": "way/1077746400",
        "cycleway:both": "no",
        "highway": "secondary",
        "lanes": "2",
        "maxspeed": "70",
        "ref": "D 133",
        "shoulder": "no",
        "sidewalk": "no",
        "surface": "asphalt"
      },
      "geometry": {
        "type": "LineString",
        "coordinates": [
          [
            0.8498926,
            49.1146336
          ],
          [
            0.846463,
            49.113028
          ]
        ]
      },
      "id": "way/1077746400"
    },
    {
      "type": "Feature",
      "properties": {
        "@id": "way/1162986015",
        "highway": "footway"
      },
      "geometry": {
        "type": "LineString",
        "coordinates": [
          [
            0.8469062,
            49.118537
          ],
          [
            0.8469239,
            49.1184888
          ],
          [
            0.8468888,
            49.118443
          ],
          [
            0.8469501,
            49.1183334
          ]
        ]
      },
      "id": "way/1162986015"
    },
    {
      "type": "Feature",
      "properties": {
        "@id": "way/1223825045",
        "highway": "unclassified",
        "maxspeed": "50",
        "name": "Rue de Combon",
        "oneway": "yes",
        "surface": "asphalt"
      },
      "geometry": {
        "type": "LineString",
        "coordinates": [
          [
            0.8428573,
            49.1057221
          ],
          [
            0.8432275,
            49.105557
          ],
          [
            0.8434043,
            49.105502
          ],
          [
            0.8435976,
            49.1054552
          ],
          [
            0.8438139,
            49.1054438
          ],
          [
            0.8440395,
            49.105463
          ],
          [
            0.8441437,
            49.1054799
          ],
          [
            0.8442108,
            49.1055023
          ],
          [
            0.8442457,
            49.1055115
          ]
        ]
      },
      "id": "way/1223825045"
    },
    {
      "type": "Feature",
      "properties": {
        "@id": "way/1332426147",
        "highway": "track"
      },
      "geometry": {
        "type": "LineString",
        "coordinates": [
          [
            0.8829349,
            49.0967173
          ],
          [
            0.8833024,
            49.0971698
          ],
          [
            0.8837074,
            49.0976774
          ],
          [
            0.8838737,
            49.0980198
          ],
          [
            0.8840185,
            49.098674
          ],
          [
            0.8841218,
            49.0989717
          ],
          [
            0.8841996,
            49.0991227
          ],
          [
            0.8843391,
            49.0993422
          ],
          [
            0.8845912,
            49.0994889
          ]
        ]
      },
      "id": "way/1332426147"
    },
    {
      "type": "Feature",
      "properties": {
        "@id": "way/1332426148",
        "highway": "service"
      },
      "geometry": {
        "type": "LineString",
        "coordinates": [
          [
            0.8864112,
            49.1002091
          ],
          [
            0.8855689,
            49.1001264
          ],
          [
            0.8854642,
            49.1000956
          ],
          [
            0.8853972,
            49.100057
          ],
          [
            0.8852711,
            49.0998937
          ],
          [
            0.8850525,
            49.0997207
          ],
          [
            0.8848393,
            49.0995986
          ],
          [
            0.8845912,
            49.0994889
          ]
        ]
      },
      "id": "way/1332426148"
    },
    {
      "type": "Feature",
      "properties": {
        "@id": "way/1332426149",
        "highway": "track"
      },
      "geometry": {
        "type": "LineString",
        "coordinates": [
          [
            0.8828356,
            49.0966201
          ],
          [
            0.8828974,
            49.0963022
          ],
          [
            0.8829698,
            49.0960335
          ],
          [
            0.883112,
            49.0957472
          ],
          [
            0.8831683,
            49.0955804
          ],
          [
            0.8832729,
            49.0952414
          ],
          [
            0.8837423,
            49.0943457
          ],
          [
            0.8840802,
            49.0936361
          ],
          [
            0.8842653,
            49.0933867
          ],
          [
            0.8845241,
            49.0931171
          ],
          [
            0.8846743,
            49.0928686
          ],
          [
            0.8848138,
            49.0926148
          ],
          [
            0.8852135,
            49.0923443
          ],
          [
            0.8854307,
            49.0921704
          ],
          [
            0.88599,
            49.0915829
          ],
          [
            0.8861375,
            49.0913106
          ],
          [
            0.8861827,
            49.0910221
          ]
        ]
      },
      "id": "way/1332426149"
    },
    {
      "type": "Feature",
      "properties": {
        "@id": "way/1332426150",
        "highway": "service"
      },
      "geometry": {
        "type": "LineString",
        "coordinates": [
          [
            0.8863615,
            49.0936473
          ],
          [
            0.8845241,
            49.0931171
          ]
        ]
      },
      "id": "way/1332426150"
    },
    {
      "type": "Feature",
      "properties": {
        "@id": "way/1332440176",
        "access": "private",
        "highway": "service"
      },
      "geometry": {
        "type": "LineString",
        "coordinates": [
          [
            0.8734939,
            49.1148995
          ],
          [
            0.8735137,
            49.1149768
          ],
          [
            0.8735445,
            49.11514
          ],
          [
            0.8735901,
            49.1151936
          ],
          [
            0.873637,
            49.1152111
          ],
          [
            0.8737135,
            49.1152146
          ],
          [
            0.8740649,
            49.1151523
          ],
          [
            0.8743371,
            49.1151198
          ],
          [
            0.8743639,
            49.1151067
          ],
          [
            0.8743706,
            49.1150944
          ],
          [
            0.8743478,
            49.1148925
          ],
          [
            0.8743224,
            49.1148172
          ]
        ]
      },
      "id": "way/1332440176"
    },
    {
      "type": "Feature",
      "properties": {
        "@id": "way/1332440486",
        "access": "private",
        "highway": "service"
      },
      "geometry": {
        "type": "LineString",
        "coordinates": [
          [
            0.8441677,
            49.1179011
          ],
          [
            0.8441971,
            49.1178594
          ],
          [
            0.8443701,
            49.1175724
          ],
          [
            0.8443809,
            49.1175276
          ],
          [
            0.8443768,
            49.1174802
          ],
          [
            0.8443272,
            49.1174179
          ],
          [
            0.844232,
            49.1173336
          ],
          [
            0.8442105,
            49.1172976
          ],
          [
            0.8441971,
            49.1172494
          ],
          [
            0.8441998,
            49.1172028
          ],
          [
            0.8442092,
            49.1171546
          ],
          [
            0.8444479,
            49.1166542
          ]
        ]
      },
      "id": "way/1332440486"
    },
    {
      "type": "Feature",
      "properties": {
        "@id": "way/1332440487",
        "highway": "service"
      },
      "geometry": {
        "type": "LineString",
        "coordinates": [
          [
            0.8466871,
            49.1190287
          ],
          [
            0.8475459,
            49.1192024
          ]
        ]
      },
      "id": "way/1332440487"
    },
    {
      "type": "Feature",
      "properties": {
        "@id": "way/1332440488",
        "highway": "service"
      },
      "geometry": {
        "type": "LineString",
        "coordinates": [
          [
            0.8469144,
            49.1221375
          ],
          [
            0.847562,
            49.122191
          ],
          [
            0.8477524,
            49.1221655
          ],
          [
            0.8478717,
            49.1221594
          ],
          [
            0.8481789,
            49.1221901
          ],
          [
            0.8483183,
            49.1221857
          ],
          [
            0.8485235,
            49.1221664
          ]
        ]
      },
      "id": "way/1332440488"
    },
    {
      "type": "Feature",
      "properties": {
        "@id": "way/1333767374",
        "highway": "service"
      },
      "geometry": {
        "type": "LineString",
        "coordinates": [
          [
            0.8267658,
            49.1096847
          ],
          [
            0.8265442,
            49.110038
          ],
          [
            0.8264208,
            49.1103663
          ]
        ]
      },
      "id": "way/1333767374"
    },
    {
      "type": "Feature",
      "properties": {
        "@id": "way/1333767775",
        "access": "private",
        "highway": "service"
      },
      "geometry": {
        "type": "LineString",
        "coordinates": [
          [
            0.8390843,
            49.0913078
          ],
          [
            0.8390728,
            49.0913677
          ],
          [
            0.838885,
            49.0921379
          ]
        ]
      },
      "id": "way/1333767775"
    },
    {
      "type": "Feature",
      "properties": {
        "@id": "way/1333768116",
        "highway": "residential",
        "name": "Rue du Moulin"
      },
      "geometry": {
        "type": "LineString",
        "coordinates": [
          [
            0.8738569,
            49.1367847
          ],
          [
            0.8731475,
            49.1375366
          ]
        ]
      },
      "id": "way/1333768116"
    },
    {
      "type": "Feature",
      "properties": {
        "@id": "way/1333768117",
        "highway": "unclassified",
        "name": "Rue Cauche",
        "oneway": "yes"
      },
      "geometry": {
        "type": "LineString",
        "coordinates": [
          [
            0.8732202,
            49.1393883
          ],
          [
            0.873106,
            49.1391949
          ],
          [
            0.8730778,
            49.1391111
          ],
          [
            0.8730778,
            49.1390554
          ],
          [
            0.8730899,
            49.1389839
          ],
          [
            0.8731341,
            49.1388874
          ],
          [
            0.873224,
            49.1387488
          ],
          [
            0.8732642,
            49.1387001
          ],
          [
            0.8732877,
            49.1386299
          ]
        ]
      },
      "id": "way/1333768117"
    },
    {
      "type": "Feature",
      "properties": {
        "@id": "way/1373746822",
        "highway": "unclassified",
        "maxspeed": "80",
        "name": "Rue du Hameau"
      },
      "geometry": {
        "type": "LineString",
        "coordinates": [
          [
            0.8717745,
            49.1409886
          ],
          [
            0.8720964,
            49.1406446
          ],
          [
            0.8722366,
            49.1405163
          ],
          [
            0.872311,
            49.1404481
          ],
          [
            0.8724075,
            49.1402446
          ],
          [
            0.8725685,
            49.1398094
          ],
          [
            0.8726972,
            49.1395988
          ],
          [
            0.8727894,
            49.1394508
          ]
        ]
      },
      "id": "way/1373746822"
    },
    {
      "type": "Feature",
      "properties": {
        "@id": "way/1423034099",
        "highway": "service",
        "oneway": "yes"
      },
      "geometry": {
        "type": "LineString",
        "coordinates": [
          [
            0.857657,
            49.1206704
          ],
          [
            0.8573417,
            49.1207871
          ],
          [
            0.8570091,
            49.1208732
          ],
          [
            0.8568294,
            49.1209083
          ],
          [
            0.8563985,
            49.1209348
          ]
        ]
      },
      "id": "way/1423034099"
    },
    {
      "type": "Feature",
      "properties": {
        "@id": "way/1423034440",
        "highway": "service",
        "oneway": "yes"
      },
      "geometry": {
        "type": "LineString",
        "coordinates": [
          [
            0.8074417,
            49.1319416
          ],
          [
            0.8073005,
            49.132027
          ],
          [
            0.8069012,
            49.1321171
          ],
          [
            0.8065934,
            49.1321861
          ],
          [
            0.806345,
            49.1321924
          ]
        ]
      },
      "id": "way/1423034440"
    },
    {
      "type": "Feature",
      "properties": {
        "@id": "way/1423034441",
        "highway": "service",
        "oneway": "yes"
      },
      "geometry": {
        "type": "LineString",
        "coordinates": [
          [
            0.8064352,
            49.1321718
          ],
          [
            0.8066145,
            49.1320656
          ],
          [
            0.8070264,
            49.1319699
          ],
          [
            0.8072063,
            49.1319285
          ],
          [
            0.8074874,
            49.1319311
          ]
        ]
      },
      "id": "way/1423034441"
    },
    {
      "type": "Feature",
      "properties": {
        "@id": "way/1451426381",
        "highway": "service"
      },
      "geometry": {
        "type": "LineString",
        "coordinates": [
          [
            0.871534,
            49.1150288
          ],
          [
            0.8718051,
            49.1156992
          ]
        ]
      },
      "id": "way/1451426381"
    },
    {
      "type": "Feature",
      "properties": {
        "@id": "way/1451426382",
        "highway": "service",
        "surface": "asphalt"
      },
      "geometry": {
        "type": "LineString",
        "coordinates": [
          [
            0.8633705,
            49.1215014
          ],
          [
            0.8634195,
            49.1214261
          ],
          [
            0.8634936,
            49.1213629
          ]
        ]
      },
      "id": "way/1451426382"
    },
    {
      "type": "Feature",
      "properties": {
        "@id": "way/1451426383",
        "access": "private",
        "highway": "service"
      },
      "geometry": {
        "type": "LineString",
        "coordinates": [
          [
            0.8635318,
            49.1213323
          ],
          [
            0.8645403,
            49.1215388
          ],
          [
            0.8646718,
            49.1215371
          ],
          [
            0.864771,
            49.1215108
          ],
          [
            0.8648354,
            49.1213756
          ]
        ]
      },
      "id": "way/1451426383"
    },
    {
      "type": "Feature",
      "properties": {
        "@id": "way/1478734109",
        "highway": "service",
        "service": "parking_aisle"
      },
      "geometry": {
        "type": "LineString",
        "coordinates": [
          [
            0.8436247,
            49.1116002
          ],
          [
            0.8437061,
            49.1115965
          ],
          [
            0.8441729,
            49.1117587
          ],
          [
            0.8442058,
            49.1118638
          ]
        ]
      },
      "id": "way/1478734109"
    },
    {
      "type": "Feature",
      "properties": {
        "@id": "way/1479461822",
        "highway": "tertiary",
        "maxspeed": "90",
        "name": "Route de Neubourg",
        "ref": "D 24"
      },
      "geometry": {
        "type": "LineString",
        "coordinates": [
          [
            0.8075652,
            49.1295949
          ],
          [
            0.8082526,
            49.1296617
          ]
        ]
      },
      "id": "way/1479461822"
    },
    {
      "type": "Feature",
      "properties": {
        "@id": "way/1480368201",
        "highway": "tertiary",
        "maxspeed": "50",
        "name": "Rue Dupont de l'Eure",
        "ref": "D 30"
      },
      "geometry": {
        "type": "LineString",
        "coordinates": [
          [
            0.8448376,
            49.1355338
          ],
          [
            0.8452182,
            49.1348793
          ]
        ]
      },
      "id": "way/1480368201"
    },
    {
      "type": "Feature",
      "properties": {
        "@id": "way/1480368202",
        "highway": "tertiary",
        "maxspeed": "30",
        "name": "Rue Dupont de l'Eure",
        "ref": "D 30"
      },
      "geometry": {
        "type": "LineString",
        "coordinates": [
          [
            0.8452182,
            49.1348793
          ],
          [
            0.8452589,
            49.1348028
          ],
          [
            0.845347,
            49.1346371
          ],
          [
            0.8454851,
            49.1342966
          ],
          [
            0.8457662,
            49.1336037
          ]
        ]
      },
      "id": "way/1480368202"
    },
    {
      "type": "Feature",
      "properties": {
        "@id": "way/1491745215",
        "cycleway:both": "no",
        "highway": "residential",
        "lane_markings": "no",
        "maxspeed": "50",
        "name": "Rue des Trembles",
        "sidewalk": "no",
        "surface": "asphalt"
      },
      "geometry": {
        "type": "LineString",
        "coordinates": [
          [
            0.8754084,
            49.1376034
          ],
          [
            0.8755074,
            49.1376435
          ],
          [
            0.8755779,
            49.1376721
          ],
          [
            0.8761278,
            49.137958
          ],
          [
            0.8764797,
            49.1381693
          ],
          [
            0.8768016,
            49.1383067
          ],
          [
            0.8769586,
            49.1383867
          ],
          [
            0.8772033,
            49.1387039
          ],
          [
            0.8772227,
            49.1387137
          ]
        ]
      },
      "id": "way/1491745215"
    },
    {
      "type": "Feature",
      "properties": {
        "@id": "way/1495902255",
        "highway": "residential",
        "name": "Chemin de la Mare Saussine"
      },
      "geometry": {
        "type": "LineString",
        "coordinates": [
          [
            0.8833724,
            49.1345449
          ],
          [
            0.8832086,
            49.1345337
          ],
          [
            0.8829713,
            49.134515
          ],
          [
            0.8827922,
            49.1345142
          ],
          [
            0.882581,
            49.1345282
          ]
        ]
      },
      "id": "way/1495902255"
    },
    {
      "type": "Feature",
      "properties": {
        "@id": "way/1495902256",
        "highway": "path",
        "surface": "grass"
      },
      "geometry": {
        "type": "LineString",
        "coordinates": [
          [
            0.882581,
            49.1345282
          ],
          [
            0.8824102,
            49.1345725
          ],
          [
            0.8822726,
            49.1346198
          ],
          [
            0.8821879,
            49.1346482
          ]
        ]
      },
      "id": "way/1495902256"
    }
  ]
}